-- phpMyAdmin SQL Dump
-- version 3.4.11.1
-- http://www.phpmyadmin.net
--
-- Servidor: localhost
-- Tiempo de generación: 12-10-2013 a las 08:24:51
-- Versión del servidor: 5.5.23
-- Versión de PHP: 5.3.17

SET SQL_MODE="NO_AUTO_VALUE_ON_ZERO";
SET time_zone = "+00:00";


/*!40101 SET @OLD_CHARACTER_SET_CLIENT=@@CHARACTER_SET_CLIENT */;
/*!40101 SET @OLD_CHARACTER_SET_RESULTS=@@CHARACTER_SET_RESULTS */;
/*!40101 SET @OLD_COLLATION_CONNECTION=@@COLLATION_CONNECTION */;
/*!40101 SET NAMES utf8 */;

--
-- Base de datos: `elficsof_ciberctec`
--

-- --------------------------------------------------------

--
-- Estructura de tabla para la tabla `agendas`
--

CREATE TABLE IF NOT EXISTS `agendas` (
  `id` int(11) NOT NULL AUTO_INCREMENT,
  `curso_id` int(11) NOT NULL,
  `tutor_id` int(11) NOT NULL,
  `comentarios` text NOT NULL,
  `fecha` datetime NOT NULL,
  PRIMARY KEY (`id`),
  KEY `fk_agendas_cursos1` (`curso_id`)
) ENGINE=InnoDB DEFAULT CHARSET=latin1 AUTO_INCREMENT=1 ;

-- --------------------------------------------------------

--
-- Estructura de tabla para la tabla `asistencias`
--

CREATE TABLE IF NOT EXISTS `asistencias` (
  `id` int(11) NOT NULL AUTO_INCREMENT,
  `usuario_id` int(11) NOT NULL,
  `entrada` datetime NOT NULL,
  `salida` datetime DEFAULT NULL,
  `comentarios` varchar(255) NOT NULL,
  PRIMARY KEY (`id`),
  KEY `fk_asistencia_tutores_usuarios1` (`usuario_id`)
) ENGINE=InnoDB  DEFAULT CHARSET=latin1 AUTO_INCREMENT=1975 ;

--
-- Volcado de datos para la tabla `asistencias`
--

INSERT INTO `asistencias` (`id`, `usuario_id`, `entrada`, `salida`, `comentarios`) VALUES
(17, 6, '2012-10-01 17:49:40', '2012-10-01 17:51:00', ''),
(18, 6, '2012-10-01 17:51:40', '2012-10-01 21:24:14', ''),
(19, 2, '2012-10-01 18:14:24', '2012-10-01 21:29:09', ''),
(20, 22, '2012-10-01 18:15:52', '2012-10-01 21:31:58', ''),
(21, 12, '2012-10-01 18:21:36', '2012-10-01 21:36:05', ''),
(22, 13, '2012-10-02 08:09:57', '2012-10-02 11:25:54', ''),
(23, 13, '2012-10-02 17:39:25', '2012-10-02 21:42:33', ''),
(24, 7, '2012-10-02 18:05:25', '2012-10-02 21:31:35', ''),
(25, 23, '2012-10-02 18:23:34', '2012-10-02 21:30:36', ''),
(26, 3, '2012-10-02 18:27:36', '2012-10-09 17:46:54', ''),
(27, 9, '2012-10-03 08:16:52', '2012-10-03 11:21:40', ''),
(28, 24, '2012-10-03 11:38:31', '2012-10-10 08:02:32', ''),
(29, 4, '2012-10-03 17:41:37', '2012-10-06 09:23:07', ''),
(30, 14, '2012-10-03 18:36:57', '2012-10-03 21:42:35', ''),
(31, 25, '2012-10-04 18:03:09', '2012-10-04 21:49:24', ''),
(32, 5, '2012-10-04 18:04:09', '2012-10-04 21:47:16', ''),
(33, 8, '2012-10-04 18:08:26', '2012-10-04 21:37:51', ''),
(34, 13, '2012-10-04 18:11:10', '2012-10-04 21:36:57', ''),
(35, 14, '2012-10-04 18:29:49', '2012-10-04 21:38:28', ''),
(36, 11, '2012-10-04 18:30:16', '2012-10-04 21:45:25', ''),
(37, 2, '2012-10-05 18:10:21', '2012-10-05 21:43:00', ''),
(38, 15, '2012-10-05 18:17:54', '2012-10-05 21:37:05', ''),
(39, 10, '2012-10-05 18:27:57', '2012-10-05 21:46:54', ''),
(40, 14, '2012-10-05 18:34:27', '2012-10-05 21:37:39', ''),
(41, 9, '2012-10-06 07:14:00', '2012-10-06 10:10:52', ''),
(42, 2, '2012-10-06 07:21:34', '2012-10-06 10:26:31', ''),
(43, 9, '2012-10-06 10:11:13', '2012-10-06 13:19:25', ''),
(44, 16, '2012-10-06 10:24:11', '2012-10-06 13:18:43', ''),
(45, 4, '2012-10-06 14:19:31', '2012-10-10 18:03:50', ''),
(46, 26, '2012-10-08 08:08:35', '2012-10-08 11:04:27', ''),
(47, 12, '2012-10-08 18:07:16', '2012-10-08 21:40:44', ''),
(48, 2, '2012-10-08 18:10:17', '2012-10-08 21:42:08', ''),
(49, 6, '2012-10-08 18:20:48', '2012-10-08 21:24:59', ''),
(50, 22, '2012-10-08 18:24:05', '2012-10-08 21:35:56', ''),
(51, 13, '2012-10-09 09:29:40', '2012-10-09 11:49:35', ''),
(52, 3, '2012-10-09 17:47:15', '2012-10-09 21:38:32', ''),
(53, 13, '2012-10-09 18:16:37', '2012-10-09 21:38:59', ''),
(54, 23, '2012-10-09 18:20:08', '2012-10-09 21:30:04', ''),
(55, 7, '2012-10-09 18:41:51', '2012-10-09 21:36:40', ''),
(56, 9, '2012-10-10 08:01:25', '2012-10-10 11:39:39', ''),
(57, 24, '2012-10-10 08:02:49', '2012-10-10 11:40:05', ''),
(58, 4, '2012-10-10 18:04:26', '2012-10-10 21:39:16', ''),
(59, 14, '2012-10-10 18:16:53', '2012-10-10 21:39:54', ''),
(60, 13, '2012-10-11 17:55:10', '2012-10-13 10:10:21', ''),
(61, 25, '2012-10-11 17:58:28', '2012-10-18 17:47:29', ''),
(62, 8, '2012-10-11 18:16:51', '2012-10-18 18:01:22', ''),
(63, 5, '2012-10-11 18:23:59', '2012-10-18 17:49:08', ''),
(64, 14, '2012-10-11 18:31:19', '2012-10-12 18:30:26', ''),
(65, 11, '2012-10-11 18:38:55', '2012-10-18 18:46:15', ''),
(66, 27, '2012-10-12 08:22:39', '2012-10-12 11:00:48', ''),
(67, 10, '2012-10-12 17:55:00', '2012-10-12 21:35:44', ''),
(68, 15, '2012-10-12 18:08:49', '2012-10-12 21:37:37', ''),
(69, 2, '2012-10-12 18:13:28', '2012-10-12 21:36:33', ''),
(70, 14, '2012-10-12 18:30:42', '2012-10-12 21:41:34', ''),
(71, 9, '2012-10-13 07:12:22', '2012-10-13 10:08:16', ''),
(72, 9, '2012-10-13 10:09:01', '2012-10-13 13:08:41', ''),
(73, 13, '2012-10-13 10:10:43', '2012-10-13 13:28:45', ''),
(74, 16, '2012-10-13 13:41:51', '2012-10-20 14:09:51', ''),
(75, 13, '2012-10-16 08:16:04', '2012-10-16 11:47:56', ''),
(76, 23, '2012-10-16 18:24:38', '2012-10-23 18:29:24', ''),
(77, 7, '2012-10-16 18:25:03', '2012-10-23 18:27:38', ''),
(78, 3, '2012-10-16 18:46:56', '2012-10-30 18:40:33', ''),
(79, 13, '2012-10-16 18:50:07', '2012-10-18 18:17:14', ''),
(80, 4, '2012-10-17 18:05:58', '2012-10-17 21:36:13', ''),
(81, 14, '2012-10-17 18:19:57', '2012-10-17 21:35:12', ''),
(82, 2, '2012-10-17 18:29:04', '2012-10-17 21:35:42', ''),
(83, 25, '2012-10-18 17:48:28', '2012-10-18 21:54:19', ''),
(84, 5, '2012-10-18 17:49:26', '2012-10-18 21:29:29', ''),
(85, 8, '2012-10-18 18:01:54', '2012-10-18 21:33:03', ''),
(86, 13, '2012-10-18 18:17:35', '2012-10-18 21:40:58', ''),
(87, 14, '2012-10-18 18:30:58', '2012-10-18 21:34:03', ''),
(88, 11, '2012-10-18 21:38:37', '2012-10-25 18:32:57', ''),
(89, 27, '2012-10-19 08:03:05', '2012-10-19 11:02:49', ''),
(90, 15, '2012-10-19 17:47:47', '2012-10-19 21:34:40', ''),
(91, 2, '2012-10-19 18:06:07', '2012-10-19 21:38:53', ''),
(92, 10, '2012-10-19 18:26:51', '2012-10-19 21:33:19', ''),
(93, 14, '2012-10-19 18:28:55', '2012-10-19 21:43:42', ''),
(94, 9, '2012-10-20 07:11:00', '2012-10-20 10:06:45', ''),
(95, 9, '2012-10-20 10:07:08', '2012-10-20 13:06:25', ''),
(96, 13, '2012-10-20 10:18:49', '2012-10-20 13:05:53', ''),
(97, 23, '2012-10-23 21:31:10', '2012-10-30 20:00:09', ''),
(98, 7, '2012-10-23 21:34:04', '2012-10-30 18:28:11', ''),
(99, 13, '2012-10-23 21:44:57', '2012-10-25 18:03:14', ''),
(100, 9, '2012-10-24 08:02:13', '2012-10-24 11:12:37', ''),
(101, 24, '2012-10-24 08:07:58', '2012-10-24 11:22:44', ''),
(102, 14, '2012-10-24 18:27:59', '2012-10-24 21:37:43', ''),
(103, 4, '2012-10-24 21:46:18', '2012-10-31 18:06:52', ''),
(104, 5, '2012-10-25 17:57:54', '2012-10-25 21:46:50', ''),
(105, 13, '2012-10-25 18:04:07', '2012-10-25 21:28:19', ''),
(106, 25, '2012-10-25 18:05:16', '2012-10-25 21:34:25', ''),
(107, 8, '2012-10-25 18:09:41', '2012-10-25 21:30:57', ''),
(108, 14, '2012-10-25 18:34:25', '2012-10-25 21:33:07', ''),
(109, 11, '2012-10-25 21:49:37', '2012-10-25 21:49:53', ''),
(110, 27, '2012-10-26 11:07:02', '2012-10-26 11:07:17', ''),
(111, 15, '2012-10-26 18:10:43', '2012-10-26 21:33:53', ''),
(112, 2, '2012-10-26 18:26:10', '2012-10-26 21:49:32', ''),
(113, 14, '2012-10-26 18:36:20', '2012-10-26 21:49:00', ''),
(114, 13, '2012-10-27 10:12:37', '2012-10-27 12:39:52', ''),
(115, 2, '2012-10-29 18:07:48', '2012-10-29 21:30:43', ''),
(116, 12, '2012-10-29 18:09:24', '2012-10-29 21:33:20', ''),
(117, 6, '2012-10-29 18:41:16', '2012-10-29 21:00:25', ''),
(118, 13, '2012-10-30 10:12:47', '2012-10-30 18:27:12', ''),
(119, 28, '2012-10-30 10:15:42', '2012-10-30 10:15:50', ''),
(120, 7, '2012-10-30 18:28:31', '2012-10-30 21:41:22', ''),
(121, 23, '2012-10-30 21:28:38', '2012-11-06 17:13:52', ''),
(122, 3, '2012-10-30 21:37:11', '2012-11-06 17:35:04', ''),
(123, 13, '2012-10-30 21:40:38', '2012-11-01 18:17:19', ''),
(124, 9, '2012-10-31 08:01:33', '2012-10-31 11:11:43', ''),
(125, 14, '2012-10-31 18:39:47', '2012-10-31 21:25:43', ''),
(126, 4, '2012-10-31 21:27:27', '2012-11-07 16:52:44', ''),
(127, 34, '2012-11-01 06:54:17', '2012-11-01 12:07:16', ''),
(128, 37, '2012-11-01 06:54:47', '2012-11-01 12:10:41', ''),
(129, 36, '2012-11-01 07:00:53', '2012-11-01 12:06:27', ''),
(130, 32, '2012-11-01 07:01:31', '2012-11-01 12:04:16', ''),
(131, 29, '2012-11-01 07:01:58', '2012-11-01 12:04:39', ''),
(132, 31, '2012-11-01 07:07:03', '2012-11-01 12:10:04', ''),
(133, 19, '2012-11-01 07:07:17', '2012-11-01 12:11:16', ''),
(134, 28, '2012-11-01 07:08:41', '2012-11-01 12:07:41', ''),
(135, 30, '2012-11-01 12:08:14', '2012-11-01 21:51:29', ''),
(136, 35, '2012-11-01 12:27:04', '2012-11-02 12:29:44', ''),
(137, 34, '2012-11-01 13:46:19', '2012-11-01 18:16:40', ''),
(138, 28, '2012-11-01 13:54:27', '2012-11-02 07:57:59', ''),
(139, 29, '2012-11-01 14:00:57', '2012-11-01 18:10:16', ''),
(140, 32, '2012-11-01 14:01:21', '2012-11-01 18:12:40', ''),
(141, 31, '2012-11-01 14:02:25', '2012-11-01 19:04:56', ''),
(142, 36, '2012-11-01 14:12:10', '2012-11-01 19:05:48', ''),
(143, 37, '2012-11-01 15:53:27', '2012-11-01 20:04:03', ''),
(144, 19, '2012-11-01 16:14:21', '2012-11-01 21:50:57', ''),
(145, 25, '2012-11-01 17:55:19', '2012-11-01 21:50:20', ''),
(146, 8, '2012-11-01 18:13:02', '2012-11-01 21:24:15', ''),
(147, 13, '2012-11-01 18:17:33', '2012-11-01 21:47:22', ''),
(148, 34, '2012-11-02 07:49:14', '2012-11-07 11:05:48', ''),
(149, 30, '2012-11-02 07:49:48', '2012-11-07 06:59:16', ''),
(150, 37, '2012-11-02 07:51:37', '2012-11-02 12:32:21', ''),
(151, 27, '2012-11-02 07:55:42', '2012-11-02 11:06:18', ''),
(152, 28, '2012-11-02 07:58:14', '2012-11-02 12:13:48', ''),
(153, 31, '2012-11-02 07:58:54', '2012-11-02 12:05:57', ''),
(154, 32, '2012-11-02 07:59:26', '2012-11-02 12:06:35', ''),
(155, 19, '2012-11-02 08:11:47', '2012-11-02 12:00:41', ''),
(156, 29, '2012-11-02 08:13:02', '2012-11-02 12:06:54', ''),
(157, 28, '2012-11-02 13:49:20', '2012-11-02 19:09:29', ''),
(158, 32, '2012-11-02 13:59:59', '2012-11-02 19:07:25', ''),
(159, 29, '2012-11-02 14:00:20', '2012-11-02 19:10:17', ''),
(160, 31, '2012-11-02 14:07:42', '2012-11-02 19:09:47', ''),
(161, 19, '2012-11-02 14:28:17', '2012-11-02 21:43:44', ''),
(162, 37, '2012-11-02 16:03:43', '2012-11-03 14:55:59', ''),
(163, 35, '2012-11-02 17:58:31', '2012-11-02 21:43:27', ''),
(164, 15, '2012-11-02 18:14:02', '2012-11-02 21:33:29', ''),
(165, 10, '2012-11-02 18:19:25', '2012-11-02 21:24:15', ''),
(166, 14, '2012-11-02 18:31:51', '2012-11-02 21:42:17', ''),
(167, 2, '2012-11-02 18:33:31', '2012-11-02 21:34:22', ''),
(168, 15, '2012-11-03 07:19:34', '2012-11-03 10:24:24', ''),
(169, 17, '2012-11-03 07:22:18', '2012-11-03 13:59:45', ''),
(170, 19, '2012-11-03 07:29:46', '2012-11-06 07:23:21', ''),
(171, 31, '2012-11-03 07:56:32', '2012-11-03 17:01:46', ''),
(172, 29, '2012-11-03 08:30:50', '2012-11-04 06:46:27', ''),
(173, 9, '2012-11-03 10:37:14', '2012-11-03 13:11:44', ''),
(174, 17, '2012-11-03 14:00:15', '2012-11-03 17:03:10', ''),
(175, 28, '2012-11-03 18:31:44', '2012-11-03 18:32:30', ''),
(176, 37, '2012-11-06 07:00:29', '2012-11-06 11:11:10', ''),
(177, 29, '2012-11-06 07:00:53', '2012-11-06 11:06:38', ''),
(178, 36, '2012-11-06 07:01:46', '2012-11-06 11:09:09', ''),
(179, 28, '2012-11-06 07:02:26', '2012-11-06 07:03:11', ''),
(180, 13, '2012-11-06 07:04:05', '2012-11-06 10:20:46', ''),
(181, 31, '2012-11-06 07:12:34', '2012-11-06 11:08:19', ''),
(182, 19, '2012-11-06 07:23:32', '2012-11-06 11:05:15', ''),
(183, 33, '2012-11-06 11:06:10', '2012-11-07 11:06:03', ''),
(184, 29, '2012-11-06 12:55:42', '2012-11-06 17:05:40', ''),
(185, 31, '2012-11-06 13:04:59', '2012-11-06 18:04:10', ''),
(186, 36, '2012-11-06 13:47:08', '2012-11-06 19:00:36', ''),
(187, 37, '2012-11-06 15:11:50', '2012-11-06 19:17:41', ''),
(188, 19, '2012-11-06 15:17:09', '2012-11-07 07:04:56', ''),
(189, 13, '2012-11-06 17:06:26', '2012-11-06 20:37:42', ''),
(190, 7, '2012-11-06 17:22:47', '2012-11-06 20:43:29', ''),
(191, 23, '2012-11-06 20:39:13', '2012-11-13 20:32:37', ''),
(192, 3, '2012-11-06 20:40:02', '2012-11-20 20:48:21', ''),
(193, 31, '2012-11-07 06:58:55', '2012-11-07 11:03:34', ''),
(194, 37, '2012-11-07 06:59:46', '2012-11-07 11:11:47', ''),
(195, 28, '2012-11-07 07:00:23', '2012-11-07 11:13:59', ''),
(196, 32, '2012-11-07 07:00:43', '2012-11-07 11:04:53', ''),
(197, 29, '2012-11-07 07:01:00', '2012-11-07 11:06:39', ''),
(198, 36, '2012-11-07 07:01:23', '2012-11-07 11:04:17', ''),
(199, 9, '2012-11-07 07:05:27', '2012-11-07 10:04:11', ''),
(200, 19, '2012-11-07 11:19:07', '2012-11-07 13:46:53', ''),
(201, 35, '2012-11-07 11:41:28', '2012-11-08 12:01:12', ''),
(202, 28, '2012-11-07 13:11:40', '2012-11-08 06:12:28', ''),
(203, 32, '2012-11-07 13:12:15', '2012-11-07 17:07:16', ''),
(204, 29, '2012-11-07 13:12:47', '2012-11-07 18:03:15', ''),
(205, 31, '2012-11-07 13:13:17', '2012-11-07 18:03:00', ''),
(206, 19, '2012-11-07 13:47:02', '2012-11-07 17:04:53', ''),
(207, 37, '2012-11-07 15:13:29', '2012-11-07 15:13:44', ''),
(208, 37, '2012-11-07 15:14:30', '2012-11-07 19:23:04', ''),
(209, 36, '2012-11-07 15:48:17', '2012-11-07 20:41:53', ''),
(210, 14, '2012-11-07 17:32:17', '2012-11-07 20:40:21', ''),
(211, 33, '2012-11-07 19:39:19', NULL, ''),
(212, 4, '2012-11-07 20:35:56', '2012-11-14 17:17:59', ''),
(213, 30, '2012-11-07 20:42:41', '2012-11-07 20:42:54', ''),
(214, 31, '2012-11-08 06:09:35', '2012-11-08 11:05:10', ''),
(215, 29, '2012-11-08 06:10:01', '2012-11-08 11:05:42', ''),
(216, 37, '2012-11-08 06:10:31', '2012-11-08 11:26:17', ''),
(217, 36, '2012-11-08 06:11:06', '2012-11-08 11:08:18', ''),
(218, 19, '2012-11-08 06:11:38', '2012-11-08 11:04:11', ''),
(219, 28, '2012-11-08 06:12:39', '2012-11-08 11:06:17', ''),
(220, 34, '2012-11-08 06:12:55', '2012-11-08 11:07:56', ''),
(221, 32, '2012-11-08 06:13:16', '2012-11-08 11:04:51', ''),
(222, 34, '2012-11-08 12:53:52', '2012-11-09 06:49:06', ''),
(223, 32, '2012-11-08 13:06:16', '2012-11-08 17:09:30', ''),
(224, 29, '2012-11-08 13:09:54', '2012-11-08 17:14:58', ''),
(225, 28, '2012-11-08 13:10:21', '2012-11-08 20:47:03', ''),
(226, 31, '2012-11-08 13:13:46', '2012-11-08 18:10:01', ''),
(227, 36, '2012-11-08 14:06:42', '2012-11-09 06:58:31', ''),
(228, 5, '2012-11-08 17:04:19', '2012-11-08 20:30:15', ''),
(229, 13, '2012-11-08 17:05:25', '2012-11-08 17:05:56', ''),
(230, 13, '2012-11-08 17:07:08', '2012-11-08 20:38:13', ''),
(231, 8, '2012-11-08 17:07:47', '2012-11-08 20:36:16', ''),
(232, 25, '2012-11-08 17:08:27', '2012-11-08 20:42:14', ''),
(233, 11, '2012-11-08 17:31:40', '2012-11-08 20:46:34', ''),
(234, 14, '2012-11-08 17:38:01', '2012-11-08 20:36:48', ''),
(235, 37, '2012-11-08 19:09:37', '2012-11-08 19:09:47', ''),
(236, 30, '2012-11-08 20:49:19', '2012-11-08 20:49:36', ''),
(237, 19, '2012-11-08 20:51:23', '2012-11-08 20:51:34', ''),
(238, 30, '2012-11-09 06:50:00', '2012-11-09 11:08:03', ''),
(239, 34, '2012-11-09 06:50:31', '2012-11-09 11:04:28', ''),
(240, 27, '2012-11-09 06:52:47', '2012-11-09 10:16:27', ''),
(241, 31, '2012-11-09 06:57:13', '2012-11-09 13:09:03', ''),
(242, 28, '2012-11-09 06:59:48', '2012-11-09 11:07:37', ''),
(243, 37, '2012-11-09 07:00:17', '2012-11-09 11:11:56', ''),
(244, 32, '2012-11-09 07:03:04', '2012-11-09 11:06:48', ''),
(245, 29, '2012-11-09 07:03:37', '2012-11-09 11:07:06', ''),
(246, 19, '2012-11-09 07:07:15', '2012-11-09 20:48:25', ''),
(247, 36, '2012-11-09 11:06:22', '2012-11-09 13:21:23', ''),
(248, 32, '2012-11-09 13:08:20', '2012-11-09 18:06:41', ''),
(249, 31, '2012-11-09 13:09:24', '2012-11-09 18:15:31', ''),
(250, 34, '2012-11-09 13:09:54', '2012-11-09 18:07:20', ''),
(251, 28, '2012-11-09 13:19:16', '2012-11-09 13:22:11', ''),
(252, 36, '2012-11-09 13:21:41', '2012-11-09 19:21:26', ''),
(253, 37, '2012-11-09 15:08:48', '2012-11-09 19:22:08', ''),
(254, 10, '2012-11-09 16:58:14', '2012-11-09 20:07:04', ''),
(255, 15, '2012-11-09 17:19:13', '2012-11-09 20:25:23', ''),
(256, 2, '2012-11-09 17:21:40', '2012-11-09 20:07:57', ''),
(257, 14, '2012-11-09 17:24:23', '2012-11-09 20:34:17', ''),
(258, 28, '2012-11-09 20:06:15', '2012-11-10 11:14:58', ''),
(259, 30, '2012-11-09 20:48:44', '2012-11-13 06:54:09', ''),
(260, 17, '2012-11-10 06:11:08', '2012-11-10 09:04:43', ''),
(261, 15, '2012-11-10 06:11:25', '2012-11-10 09:21:53', ''),
(262, 34, '2012-11-10 06:11:53', '2012-11-10 06:35:14', ''),
(263, 32, '2012-11-10 06:13:58', '2012-11-16 06:59:32', ''),
(264, 37, '2012-11-10 06:16:00', '2012-11-10 06:37:49', ''),
(265, 19, '2012-11-10 06:22:16', '2012-11-10 06:30:35', ''),
(266, 19, '2012-11-10 06:30:44', '2012-11-10 06:33:09', ''),
(267, 19, '2012-11-10 06:33:34', '2012-11-10 17:26:20', ''),
(268, 34, '2012-11-10 06:35:26', '2012-11-10 12:02:17', ''),
(269, 37, '2012-11-10 06:37:55', '2012-11-13 11:07:57', ''),
(270, 31, '2012-11-10 06:59:12', '2012-11-10 12:14:02', ''),
(271, 9, '2012-11-10 08:54:41', '2012-11-14 06:49:51', ''),
(272, 31, '2012-11-10 12:25:23', '2012-11-11 06:58:01', ''),
(273, 17, '2012-11-10 12:56:24', '2012-11-10 16:14:02', ''),
(274, 31, '2012-11-11 11:07:26', '2012-11-13 06:51:45', ''),
(275, 34, '2012-11-13 06:49:20', '2012-11-13 11:01:12', ''),
(276, 36, '2012-11-13 06:52:20', '2012-11-13 11:07:32', ''),
(277, 35, '2012-11-13 06:53:26', NULL, ''),
(278, 29, '2012-11-13 06:54:41', '2012-11-13 11:00:56', ''),
(279, 28, '2012-11-13 07:02:10', '2012-11-13 12:59:23', ''),
(280, 19, '2012-11-13 07:17:15', '2012-11-13 11:02:56', ''),
(281, 13, '2012-11-13 07:26:16', '2012-11-13 10:18:55', ''),
(282, 31, '2012-11-13 11:07:15', '2012-11-13 13:00:15', ''),
(283, 19, '2012-11-13 11:07:45', '2012-11-13 15:26:23', ''),
(284, 37, '2012-11-13 11:08:03', '2012-11-13 19:08:34', ''),
(285, 34, '2012-11-13 12:58:52', '2012-11-14 06:49:03', ''),
(286, 28, '2012-11-13 12:59:39', '2012-11-13 18:01:49', ''),
(287, 31, '2012-11-13 13:00:29', '2012-11-13 18:02:25', ''),
(288, 29, '2012-11-13 13:00:55', '2012-11-13 17:07:35', ''),
(289, 36, '2012-11-13 14:02:22', '2012-11-13 18:57:37', ''),
(290, 19, '2012-11-13 15:26:31', '2012-11-14 15:12:45', ''),
(291, 13, '2012-11-13 17:03:52', '2012-11-13 20:33:33', ''),
(292, 7, '2012-11-13 17:15:36', '2012-11-13 20:45:52', ''),
(293, 34, '2012-11-14 06:49:16', '2012-11-14 11:01:51', ''),
(294, 9, '2012-11-14 06:50:05', '2012-11-14 10:22:06', ''),
(295, 31, '2012-11-14 06:52:57', '2012-11-14 11:02:06', ''),
(296, 28, '2012-11-14 06:53:17', '2012-11-14 11:03:02', ''),
(297, 36, '2012-11-14 06:53:56', '2012-11-14 11:00:59', ''),
(298, 29, '2012-11-14 07:01:48', '2012-11-14 11:00:42', ''),
(299, 37, '2012-11-14 07:02:30', '2012-11-14 11:08:44', ''),
(300, 24, '2012-11-14 07:10:54', '2012-11-14 10:21:46', ''),
(301, 29, '2012-11-14 13:12:15', '2012-11-14 18:13:37', ''),
(302, 31, '2012-11-14 13:12:37', '2012-11-14 18:06:45', ''),
(303, 28, '2012-11-14 13:13:03', '2012-11-14 18:13:22', ''),
(304, 34, '2012-11-14 13:13:36', '2012-11-15 06:55:32', ''),
(305, 37, '2012-11-14 15:13:54', '2012-11-14 18:59:53', ''),
(306, 36, '2012-11-14 15:27:08', '2012-11-14 20:44:23', ''),
(307, 14, '2012-11-14 17:39:02', '2012-11-14 20:31:35', ''),
(308, 4, '2012-11-14 20:32:02', '2012-11-21 16:51:30', ''),
(309, 30, '2012-11-14 20:44:07', '2012-11-15 07:04:10', ''),
(310, 34, '2012-11-15 06:56:08', '2012-11-15 17:02:52', ''),
(311, 37, '2012-11-15 07:00:30', '2012-11-15 11:11:01', ''),
(312, 29, '2012-11-15 07:01:17', '2012-11-15 11:03:23', ''),
(313, 31, '2012-11-15 07:04:32', '2012-11-15 11:08:12', ''),
(314, 28, '2012-11-15 07:08:17', '2012-11-15 11:05:38', ''),
(315, 36, '2012-11-15 07:08:43', '2012-11-15 11:09:44', ''),
(316, 31, '2012-11-15 13:00:12', '2012-11-15 18:19:26', ''),
(317, 29, '2012-11-15 13:04:36', '2012-11-15 17:03:53', ''),
(318, 28, '2012-11-15 13:19:40', '2012-11-16 07:08:24', ''),
(319, 25, '2012-11-15 17:11:31', '2012-11-15 20:38:42', ''),
(320, 13, '2012-11-15 17:28:22', '2012-11-15 20:35:37', ''),
(321, 11, '2012-11-15 17:38:16', '2012-11-15 20:48:29', ''),
(322, 14, '2012-11-15 17:39:54', '2012-11-15 20:29:52', ''),
(323, 8, '2012-11-15 20:34:47', '2012-11-22 17:15:55', ''),
(324, 30, '2012-11-15 20:50:13', '2012-11-16 06:54:53', ''),
(325, 34, '2012-11-16 06:53:03', '2012-11-16 11:02:27', ''),
(326, 29, '2012-11-16 06:59:52', '2012-11-16 11:04:19', ''),
(327, 27, '2012-11-16 07:08:04', '2012-11-16 10:28:54', ''),
(328, 19, '2012-11-16 07:09:25', '2012-11-17 06:28:04', ''),
(329, 31, '2012-11-16 07:10:23', '2012-11-16 11:03:46', ''),
(330, 28, '2012-11-16 11:00:49', '2012-11-16 13:11:30', ''),
(331, 32, '2012-11-16 11:04:45', '2012-11-16 13:02:57', ''),
(332, 37, '2012-11-16 11:08:15', '2012-11-16 11:08:24', ''),
(333, 34, '2012-11-16 13:01:43', '2012-11-16 18:03:10', ''),
(334, 29, '2012-11-16 13:02:06', '2012-11-17 06:16:50', ''),
(335, 31, '2012-11-16 13:03:24', '2012-11-16 18:00:45', ''),
(336, 10, '2012-11-16 17:23:12', '2012-11-16 20:22:36', ''),
(337, 15, '2012-11-16 17:25:26', '2012-11-16 20:40:25', ''),
(338, 2, '2012-11-16 17:27:50', '2012-11-16 20:27:51', ''),
(339, 14, '2012-11-16 17:29:26', '2012-11-16 20:41:02', ''),
(340, 32, '2012-11-16 18:52:21', '2012-11-17 06:17:20', ''),
(341, 28, '2012-11-16 20:53:16', '2012-11-17 17:16:51', ''),
(342, 30, '2012-11-16 20:54:10', '2012-11-19 11:01:23', ''),
(343, 15, '2012-11-17 06:16:11', '2012-11-17 09:20:06', ''),
(344, 17, '2012-11-17 06:16:32', '2012-11-17 09:21:18', ''),
(345, 29, '2012-11-17 06:17:01', '2012-11-17 11:39:03', ''),
(346, 19, '2012-11-17 06:28:16', '2012-11-18 06:27:00', ''),
(347, 34, '2012-11-17 06:53:29', '2012-11-17 14:53:08', ''),
(348, 31, '2012-11-17 07:02:01', '2012-11-17 16:10:14', ''),
(349, 9, '2012-11-17 09:14:08', '2012-11-17 12:14:11', ''),
(350, 32, '2012-11-17 12:14:52', '2012-11-19 13:11:42', ''),
(351, 17, '2012-11-17 12:53:33', '2012-11-17 15:58:35', ''),
(352, 19, '2012-11-18 06:27:11', '2012-11-19 07:12:16', ''),
(353, 19, '2012-11-19 07:12:30', '2012-11-20 07:16:57', ''),
(354, 31, '2012-11-19 07:13:07', '2012-11-19 11:00:57', ''),
(355, 29, '2012-11-19 07:13:25', '2012-11-19 11:00:33', ''),
(356, 28, '2012-11-19 07:13:52', '2012-11-19 11:00:13', ''),
(357, 28, '2012-11-19 13:10:36', '2012-11-19 20:51:26', ''),
(358, 31, '2012-11-19 13:11:17', '2012-11-19 18:01:50', ''),
(359, 29, '2012-11-19 13:12:07', '2012-11-19 18:02:01', ''),
(360, 2, '2012-11-19 17:14:46', '2012-11-19 20:20:06', ''),
(361, 12, '2012-11-19 17:19:07', '2012-11-19 20:29:01', ''),
(362, 6, '2012-11-19 17:31:50', '2012-11-19 21:00:09', ''),
(363, 32, '2012-11-19 18:11:25', '2012-11-27 10:44:25', ''),
(364, 22, '2012-11-19 20:50:32', '2013-01-31 17:34:46', ''),
(365, 30, '2012-11-19 21:01:50', '2012-11-20 06:56:52', ''),
(366, 31, '2012-11-20 06:55:36', '2012-11-20 11:07:28', ''),
(367, 29, '2012-11-20 06:56:05', '2012-11-20 11:01:46', ''),
(368, 36, '2012-11-20 06:56:32', '2012-11-20 17:47:19', ''),
(369, 28, '2012-11-20 07:02:20', '2012-11-20 11:10:40', ''),
(370, 37, '2012-11-20 07:03:09', '2012-11-20 11:09:12', ''),
(371, 19, '2012-11-20 07:17:06', '2012-11-22 07:08:24', ''),
(372, 13, '2012-11-20 07:21:08', '2012-11-20 11:12:59', ''),
(373, 29, '2012-11-20 12:54:09', '2012-11-20 17:00:47', ''),
(374, 31, '2012-11-20 13:02:01', '2012-11-20 18:10:52', ''),
(375, 28, '2012-11-20 13:05:04', '2012-11-21 13:12:30', ''),
(376, 13, '2012-11-20 17:13:46', '2012-11-20 20:49:14', ''),
(377, 23, '2012-11-20 17:26:28', '2012-11-20 20:45:07', ''),
(378, 7, '2012-11-20 17:27:14', '2012-11-20 20:52:05', ''),
(379, 14, '2012-11-20 17:33:53', '2012-11-20 17:40:13', ''),
(380, 30, '2012-11-21 06:42:24', '2012-11-21 11:10:22', ''),
(381, 37, '2012-11-21 06:52:52', '2012-11-21 19:04:47', ''),
(382, 36, '2012-11-21 06:56:13', '2012-11-21 11:12:40', ''),
(383, 31, '2012-11-21 06:56:50', '2012-11-21 11:09:49', ''),
(384, 9, '2012-11-21 06:59:43', '2012-11-21 10:06:35', ''),
(385, 24, '2012-11-21 07:05:52', '2013-02-04 17:16:58', ''),
(386, 29, '2012-11-21 11:05:52', '2012-11-21 13:11:16', ''),
(387, 31, '2012-11-21 13:11:02', '2012-11-21 18:07:36', ''),
(388, 28, '2012-11-21 13:12:52', '2012-11-21 18:23:56', ''),
(389, 36, '2012-11-21 16:30:26', '2012-11-22 07:28:46', ''),
(390, 14, '2012-11-21 17:41:08', '2012-11-21 20:33:47', ''),
(391, 29, '2012-11-21 18:10:58', '2012-11-22 07:07:34', ''),
(392, 4, '2012-11-21 20:25:57', '2013-02-04 16:44:41', ''),
(393, 30, '2012-11-21 20:45:53', '2012-11-22 20:49:19', ''),
(394, 37, '2012-11-22 07:07:19', '2012-11-22 19:07:46', ''),
(395, 28, '2012-11-22 07:08:01', '2012-11-22 11:03:11', ''),
(396, 19, '2012-11-22 07:08:37', '2012-11-22 20:48:51', ''),
(397, 31, '2012-11-22 07:09:08', '2012-11-22 11:04:37', ''),
(398, 29, '2012-11-22 11:02:18', '2012-11-22 13:07:30', ''),
(399, 36, '2012-11-22 11:02:47', '2012-11-22 14:00:59', ''),
(400, 31, '2012-11-22 13:06:40', '2012-11-22 18:09:26', ''),
(401, 28, '2012-11-22 13:12:14', '2012-11-23 07:06:19', ''),
(402, 25, '2012-11-22 17:00:18', '2012-11-22 19:21:05', ''),
(403, 5, '2012-11-22 17:06:41', '2012-11-22 20:38:54', ''),
(404, 8, '2012-11-22 17:16:09', '2012-11-22 20:40:49', ''),
(405, 11, '2012-11-22 17:17:07', '2012-11-22 20:44:30', ''),
(406, 13, '2012-11-22 17:20:10', '2012-11-22 19:23:32', ''),
(407, 14, '2012-11-22 17:29:58', '2012-11-23 17:36:14', ''),
(408, 29, '2012-11-22 17:39:08', '2012-11-23 07:00:07', ''),
(409, 36, '2012-11-22 18:55:59', '2012-11-23 06:54:15', ''),
(410, 37, '2012-11-23 06:53:59', '2012-11-27 06:58:36', ''),
(411, 27, '2012-11-23 07:00:59', '2012-11-23 10:09:36', ''),
(412, 30, '2012-11-23 07:01:35', '2012-11-27 06:59:07', ''),
(413, 31, '2012-11-23 07:03:20', '2012-11-23 11:05:48', ''),
(414, 28, '2012-11-23 07:06:52', '2012-11-23 11:05:25', ''),
(415, 36, '2012-11-23 11:02:19', '2012-11-24 06:06:05', ''),
(416, 29, '2012-11-23 11:02:39', '2012-11-23 13:04:58', ''),
(417, 31, '2012-11-23 13:05:16', '2012-11-24 07:01:10', ''),
(418, 28, '2012-11-23 13:12:58', '2012-11-24 11:44:46', ''),
(419, 10, '2012-11-23 17:21:12', '2012-11-23 20:35:10', ''),
(420, 14, '2012-11-23 20:04:23', '2013-02-06 17:29:06', ''),
(421, 15, '2012-11-24 06:02:14', '2012-11-24 09:30:11', ''),
(422, 17, '2012-11-24 06:02:35', '2012-11-24 11:55:44', ''),
(423, 29, '2012-11-24 06:05:52', '2012-11-24 11:43:57', ''),
(424, 9, '2012-11-24 08:54:49', '2012-11-24 12:12:31', ''),
(425, 29, '2012-11-24 11:44:14', '2012-11-26 07:12:41', ''),
(426, 28, '2012-11-24 11:45:01', '2012-11-24 17:22:40', ''),
(427, 31, '2012-11-24 12:23:33', '2012-11-26 18:08:07', ''),
(428, 17, '2012-11-24 12:48:56', '2012-11-24 16:08:04', ''),
(429, 36, '2012-11-26 07:12:22', '2012-11-26 11:04:30', ''),
(430, 28, '2012-11-26 07:13:20', '2012-11-26 11:03:55', ''),
(431, 19, '2012-11-26 07:15:48', '2012-11-26 17:06:53', ''),
(432, 29, '2012-11-26 11:03:17', '2012-11-26 13:15:31', ''),
(433, 28, '2012-11-26 13:15:56', '2012-11-27 07:14:51', ''),
(434, 6, '2012-11-26 17:10:00', '2012-11-26 20:40:58', ''),
(435, 12, '2012-11-26 17:16:33', '2012-11-26 20:51:08', ''),
(436, 2, '2012-11-26 17:21:08', '2012-11-26 20:33:19', ''),
(437, 29, '2012-11-26 18:03:55', '2012-11-27 07:02:56', ''),
(438, 36, '2012-11-27 06:57:45', '2012-11-27 11:15:16', ''),
(439, 26, '2012-11-27 06:58:13', '2013-04-16 17:59:52', ''),
(440, 31, '2012-11-27 07:02:24', '2012-11-27 11:05:09', ''),
(441, 28, '2012-11-27 07:15:19', '2012-11-27 11:06:38', ''),
(442, 19, '2012-11-27 07:15:49', '2012-11-27 20:47:00', ''),
(443, 29, '2012-11-27 11:02:18', '2012-11-27 13:09:23', ''),
(444, 37, '2012-11-27 11:16:45', '2012-11-28 06:47:59', ''),
(445, 31, '2012-11-27 13:14:43', '2012-11-27 18:03:24', ''),
(446, 28, '2012-11-27 13:16:49', '2012-11-28 07:08:57', ''),
(447, 29, '2012-11-27 17:00:41', '2012-11-28 07:01:21', ''),
(448, 15, '2012-11-27 17:24:28', '2012-11-27 20:45:58', ''),
(449, 7, '2012-11-27 17:41:29', '2012-11-27 18:37:52', ''),
(450, 30, '2012-11-27 20:46:37', '2012-11-28 07:03:21', ''),
(451, 37, '2012-11-28 06:49:17', NULL, ''),
(452, 31, '2012-11-28 06:59:36', '2012-11-28 18:00:57', ''),
(453, 36, '2012-11-28 07:08:23', '2012-11-28 20:47:04', ''),
(454, 29, '2012-11-28 11:03:45', '2012-11-28 12:50:21', ''),
(455, 28, '2012-11-28 11:04:06', '2012-11-28 13:13:58', ''),
(456, 28, '2012-11-28 13:14:52', '2012-11-28 20:43:31', ''),
(457, 29, '2012-11-28 18:02:25', '2012-11-29 07:07:48', ''),
(458, 30, '2012-11-28 20:46:51', '2012-11-30 06:52:40', ''),
(459, 36, '2012-11-29 07:07:10', '2012-11-29 11:08:13', ''),
(460, 31, '2012-11-29 07:07:35', '2012-11-29 11:07:36', ''),
(461, 19, '2012-11-29 07:08:18', '2012-12-03 07:01:38', ''),
(462, 28, '2012-11-29 07:09:31', '2012-11-29 11:08:36', ''),
(463, 29, '2012-11-29 11:05:55', '2012-11-29 13:07:43', ''),
(464, 31, '2012-11-29 13:08:05', '2012-11-29 18:04:27', ''),
(465, 28, '2012-11-29 13:10:03', '2012-11-30 07:10:25', ''),
(466, 29, '2012-11-29 16:59:46', '2012-11-30 07:00:30', ''),
(467, 11, '2012-11-29 17:31:35', '2012-11-29 20:42:15', ''),
(468, 5, '2012-11-29 17:37:54', NULL, ''),
(469, 25, '2012-11-29 17:43:45', '2012-11-29 18:52:19', ''),
(470, 36, '2012-11-29 19:52:11', '2012-11-29 19:52:28', ''),
(471, 31, '2012-11-30 06:56:30', '2012-11-30 11:06:04', ''),
(472, 36, '2012-11-30 06:56:54', '2012-11-30 11:05:31', ''),
(473, 27, '2012-11-30 06:59:27', '2012-11-30 09:56:22', ''),
(474, 28, '2012-11-30 07:10:53', '2012-11-30 11:04:42', ''),
(475, 29, '2012-11-30 11:05:07', '2012-11-30 13:04:54', ''),
(476, 31, '2012-11-30 13:05:51', '2012-11-30 18:03:47', ''),
(477, 28, '2012-11-30 13:14:27', '2012-12-01 11:06:58', ''),
(478, 10, '2012-11-30 16:53:31', '2012-11-30 19:20:30', ''),
(479, 15, '2012-11-30 17:09:14', '2012-11-30 20:36:43', ''),
(480, 7, '2012-11-30 17:36:16', '2012-11-30 19:20:12', ''),
(481, 29, '2012-11-30 18:01:01', '2012-12-01 05:58:48', ''),
(482, 36, '2012-11-30 19:47:45', '2012-12-10 13:14:27', ''),
(483, 30, '2012-11-30 20:37:18', '2012-12-01 11:32:29', ''),
(484, 17, '2012-12-01 05:57:34', '2012-12-01 09:18:47', ''),
(485, 15, '2012-12-01 06:00:36', '2012-12-01 09:17:12', ''),
(486, 31, '2012-12-01 07:01:38', '2012-12-01 16:03:32', ''),
(487, 9, '2012-12-01 09:17:28', '2012-12-01 12:37:36', ''),
(488, 17, '2012-12-01 11:00:05', '2012-12-01 16:55:14', ''),
(489, 29, '2012-12-01 11:33:01', '2012-12-03 07:02:03', ''),
(490, 9, '2012-12-01 12:38:20', NULL, ''),
(491, 28, '2012-12-01 17:05:07', '2012-12-03 07:13:57', ''),
(492, 30, '2012-12-02 05:46:15', '2012-12-02 10:47:41', ''),
(493, 30, '2012-12-02 11:07:47', '2012-12-03 07:05:25', ''),
(494, 19, '2012-12-03 07:01:48', '2012-12-06 07:20:28', ''),
(495, 31, '2012-12-03 07:02:29', '2012-12-03 11:04:56', ''),
(496, 28, '2012-12-03 11:04:04', '2012-12-03 13:14:40', ''),
(497, 29, '2012-12-03 11:04:32', '2012-12-03 13:12:32', ''),
(498, 6, '2012-12-03 16:53:57', '2012-12-03 20:29:25', ''),
(499, 29, '2012-12-03 17:56:04', '2012-12-04 06:55:11', ''),
(500, 28, '2012-12-03 17:59:43', '2012-12-04 07:18:36', ''),
(501, 31, '2012-12-03 18:11:56', '2012-12-04 07:00:20', ''),
(502, 30, '2012-12-03 20:35:19', '2012-12-04 06:49:02', ''),
(503, 29, '2012-12-04 11:01:46', '2012-12-04 13:05:53', ''),
(504, 31, '2012-12-04 11:02:42', '2012-12-04 13:07:47', ''),
(505, 28, '2012-12-04 11:03:20', '2012-12-04 13:09:12', ''),
(506, 32, '2012-12-04 17:05:22', '2012-12-04 17:05:32', ''),
(507, 29, '2012-12-04 17:08:05', '2012-12-05 07:10:09', ''),
(508, 6, '2012-12-04 17:31:32', '2012-12-04 20:44:05', ''),
(509, 28, '2012-12-04 17:56:28', '2012-12-05 07:11:06', ''),
(510, 31, '2012-12-04 18:03:04', '2012-12-05 07:10:45', ''),
(511, 30, '2012-12-05 09:50:36', '2012-12-06 11:08:12', ''),
(512, 31, '2012-12-05 11:03:48', '2012-12-05 13:16:21', ''),
(513, 29, '2012-12-05 11:04:02', '2012-12-05 13:14:17', ''),
(514, 28, '2012-12-05 11:07:54', '2012-12-05 18:26:13', ''),
(515, 29, '2012-12-05 18:06:26', '2012-12-06 07:13:48', ''),
(516, 31, '2012-12-05 18:06:52', '2012-12-06 07:14:44', ''),
(517, 19, '2012-12-06 07:20:35', '2012-12-19 07:09:50', ''),
(518, 29, '2012-12-06 11:03:04', '2012-12-06 13:01:57', ''),
(519, 31, '2012-12-06 11:04:08', '2012-12-06 13:12:06', ''),
(520, 28, '2012-12-06 13:09:58', '2012-12-06 13:10:11', ''),
(521, 31, '2012-12-06 13:12:59', '2012-12-06 18:06:27', ''),
(522, 29, '2012-12-06 16:59:15', '2012-12-07 07:08:24', ''),
(523, 31, '2012-12-07 07:08:51', '2012-12-07 11:07:04', ''),
(524, 28, '2012-12-07 07:09:33', '2012-12-07 11:09:35', ''),
(525, 29, '2012-12-07 11:05:44', '2012-12-10 07:13:54', ''),
(526, 28, '2012-12-07 13:14:01', '2012-12-10 07:13:17', ''),
(527, 31, '2012-12-07 13:14:51', '2012-12-10 11:08:25', ''),
(528, 28, '2012-12-10 11:06:29', '2012-12-10 13:12:18', ''),
(529, 29, '2012-12-10 11:07:02', '2012-12-10 13:11:52', ''),
(530, 31, '2012-12-10 13:11:39', '2012-12-10 18:05:31', ''),
(531, 28, '2012-12-10 17:59:08', '2012-12-11 07:10:12', ''),
(532, 29, '2012-12-10 18:06:04', '2012-12-11 07:02:43', ''),
(533, 36, '2012-12-10 18:45:34', '2012-12-11 07:11:54', ''),
(534, 30, '2012-12-10 20:37:43', '2012-12-13 07:06:55', ''),
(535, 31, '2012-12-11 07:06:11', '2012-12-11 11:05:56', ''),
(536, 29, '2012-12-11 11:05:09', '2012-12-11 13:16:59', ''),
(537, 28, '2012-12-11 11:05:31', '2012-12-11 13:17:49', ''),
(538, 36, '2012-12-11 11:06:17', '2012-12-13 07:06:28', ''),
(539, 31, '2012-12-11 13:16:46', '2012-12-11 18:06:55', ''),
(540, 28, '2012-12-11 17:52:42', '2012-12-13 07:08:56', ''),
(541, 31, '2012-12-12 07:08:23', '2012-12-12 11:06:34', ''),
(542, 29, '2012-12-12 07:08:39', '2012-12-12 11:07:10', ''),
(543, 29, '2012-12-12 13:14:28', '2012-12-12 18:02:18', ''),
(544, 31, '2012-12-12 13:15:43', '2012-12-12 18:05:14', ''),
(545, 29, '2012-12-13 07:08:30', '2012-12-13 11:03:07', ''),
(546, 31, '2012-12-13 07:09:27', '2012-12-13 11:08:21', ''),
(547, 28, '2012-12-13 11:06:37', '2012-12-13 13:13:46', ''),
(548, 31, '2012-12-13 13:10:37', '2012-12-13 18:02:32', ''),
(549, 28, '2012-12-13 17:58:12', '2012-12-14 07:08:31', ''),
(550, 29, '2012-12-14 07:05:34', '2012-12-14 11:05:09', ''),
(551, 31, '2012-12-14 07:09:17', '2012-12-14 18:05:02', ''),
(552, 28, '2012-12-14 11:07:58', '2012-12-14 13:01:28', ''),
(553, 29, '2012-12-14 13:00:51', '2012-12-14 17:59:48', ''),
(554, 29, '2012-12-15 06:28:12', '2012-12-15 12:00:20', ''),
(555, 31, '2012-12-15 07:10:45', '2012-12-17 11:02:35', ''),
(556, 28, '2012-12-15 11:05:09', '2012-12-15 17:19:15', ''),
(557, 28, '2012-12-17 11:03:12', '2012-12-17 11:03:23', ''),
(558, 28, '2012-12-17 13:23:47', '2012-12-17 18:02:35', ''),
(559, 31, '2012-12-17 13:25:50', '2012-12-17 18:03:12', ''),
(560, 28, '2012-12-18 07:06:42', '2012-12-18 11:02:20', ''),
(561, 36, '2012-12-18 07:07:32', '2012-12-20 07:05:49', ''),
(562, 31, '2012-12-18 07:08:01', '2012-12-18 11:06:55', ''),
(563, 28, '2012-12-18 13:15:12', '2012-12-19 07:08:58', ''),
(564, 30, '2012-12-19 07:08:00', '2012-12-19 19:59:32', ''),
(565, 31, '2012-12-19 07:08:27', '2012-12-19 11:09:28', ''),
(566, 19, '2012-12-19 07:09:55', '2012-12-20 07:07:05', ''),
(567, 28, '2012-12-19 11:11:38', '2012-12-19 13:16:01', ''),
(568, 31, '2012-12-19 13:17:06', '2012-12-19 18:17:38', ''),
(569, 28, '2012-12-19 18:10:36', '2012-12-20 07:10:32', ''),
(570, 31, '2012-12-20 07:05:34', '2012-12-20 11:05:57', ''),
(571, 30, '2012-12-20 07:06:20', '2012-12-20 11:03:15', ''),
(572, 28, '2012-12-20 11:02:34', '2012-12-20 13:14:18', ''),
(573, 36, '2012-12-20 11:06:38', '2012-12-21 06:58:42', ''),
(574, 28, '2012-12-20 18:29:45', '2012-12-20 18:29:58', ''),
(575, 28, '2012-12-21 11:03:22', '2012-12-21 11:03:35', ''),
(576, 28, '2012-12-21 13:30:01', '2013-01-16 07:07:16', ''),
(577, 36, '2012-12-22 08:05:07', '2012-12-22 10:59:42', ''),
(578, 19, '2013-01-16 07:03:29', '2013-01-16 19:54:29', ''),
(579, 29, '2013-01-16 07:03:46', '2013-01-16 12:58:26', ''),
(580, 28, '2013-01-21 14:33:14', '2013-01-22 07:12:52', ''),
(581, 22, '2013-02-02 08:57:47', '2013-02-02 12:00:36', ''),
(582, 22, '2013-02-02 12:52:32', '2013-02-09 09:14:19', ''),
(583, 19, '2013-02-04 06:35:12', '2013-02-04 11:01:22', ''),
(584, 17, '2013-02-04 06:49:36', '2013-02-04 06:50:13', ''),
(585, 17, '2013-02-04 06:50:50', '2013-02-04 10:22:16', ''),
(586, 45, '2013-02-04 06:54:31', '2013-02-04 11:09:31', ''),
(587, 36, '2013-02-04 06:54:49', '2013-02-05 20:41:33', ''),
(588, 29, '2013-02-04 06:56:23', '2013-02-04 11:10:31', ''),
(589, 28, '2013-02-04 07:01:52', '2013-02-04 11:06:20', ''),
(590, 44, '2013-02-04 07:02:45', '2013-02-04 11:07:29', ''),
(591, 31, '2013-02-04 07:03:22', '2013-02-04 11:05:04', ''),
(592, 45, '2013-02-04 13:00:44', '2013-02-04 19:41:47', ''),
(593, 29, '2013-02-04 13:01:02', '2013-02-04 18:10:33', ''),
(594, 31, '2013-02-04 13:02:40', '2013-02-04 18:10:10', ''),
(595, 28, '2013-02-04 13:03:12', '2013-02-04 13:07:32', ''),
(596, 28, '2013-02-04 13:07:52', '2013-02-04 18:11:57', ''),
(597, 19, '2013-02-04 14:11:13', '2013-02-04 16:58:11', ''),
(598, 44, '2013-02-04 14:51:56', '2013-02-04 19:42:16', ''),
(599, 17, '2013-02-04 16:42:24', '2013-02-05 17:19:11', ''),
(600, 4, '2013-02-04 16:44:55', '2013-02-07 16:53:04', ''),
(601, 24, '2013-02-04 17:17:20', '2013-02-25 17:22:40', ''),
(602, 47, '2013-02-04 17:55:20', '2013-02-07 17:45:40', ''),
(603, 19, '2013-02-05 15:11:41', '2013-02-05 20:40:29', ''),
(604, 28, '2013-02-05 15:12:04', '2013-02-05 20:37:07', ''),
(605, 15, '2013-02-05 16:05:58', '2013-02-05 20:40:06', ''),
(606, 41, '2013-02-05 17:18:14', '2013-02-08 17:03:46', ''),
(607, 23, '2013-02-05 17:23:53', '2013-02-05 20:39:48', ''),
(608, 40, '2013-02-05 20:39:19', '2013-02-05 20:39:29', ''),
(609, 36, '2013-02-05 20:41:43', '2013-02-06 20:40:22', ''),
(610, 19, '2013-02-06 06:33:26', '2013-02-06 11:01:03', ''),
(611, 45, '2013-02-06 06:58:21', '2013-02-06 11:03:20', ''),
(612, 31, '2013-02-06 06:58:52', '2013-02-06 11:03:50', ''),
(613, 29, '2013-02-06 06:59:11', '2013-02-06 11:04:20', ''),
(614, 44, '2013-02-06 06:59:37', '2013-02-06 11:04:38', ''),
(615, 43, '2013-02-06 07:04:22', '2013-02-06 10:13:46', ''),
(616, 28, '2013-02-06 07:04:55', '2013-02-06 11:02:41', ''),
(617, 31, '2013-02-06 13:12:02', '2013-02-06 18:08:04', ''),
(618, 29, '2013-02-06 13:12:20', '2013-02-06 18:04:53', ''),
(619, 28, '2013-02-06 13:35:29', '2013-02-06 18:08:44', ''),
(620, 45, '2013-02-06 13:35:53', '2013-02-07 07:05:59', ''),
(621, 19, '2013-02-06 13:49:12', '2013-02-07 07:07:07', ''),
(622, 44, '2013-02-06 14:54:20', '2013-02-06 20:39:42', ''),
(623, 15, '2013-02-06 16:03:45', '2013-02-06 20:34:01', ''),
(624, 17, '2013-02-06 16:48:01', '2013-02-06 20:36:15', ''),
(625, 2, '2013-02-06 17:15:07', '2013-02-06 20:32:45', ''),
(626, 48, '2013-02-06 17:15:41', '2013-02-06 20:42:43', ''),
(627, 14, '2013-02-06 20:36:50', '2013-02-27 17:29:21', ''),
(628, 44, '2013-02-07 06:59:44', '2013-02-07 11:06:38', ''),
(629, 29, '2013-02-07 07:00:02', '2013-02-07 11:06:11', ''),
(630, 36, '2013-02-07 07:00:28', '2013-02-08 20:39:50', ''),
(631, 28, '2013-02-07 07:03:45', '2013-02-07 11:05:36', ''),
(632, 31, '2013-02-07 07:04:56', '2013-02-07 11:04:40', ''),
(633, 19, '2013-02-07 07:07:14', '2013-02-07 11:05:08', ''),
(634, 45, '2013-02-07 11:04:57', '2013-02-07 13:07:20', ''),
(635, 28, '2013-02-07 13:07:45', '2013-02-07 19:10:55', ''),
(636, 29, '2013-02-07 13:07:55', '2013-02-07 18:02:22', ''),
(637, 31, '2013-02-07 13:08:09', '2013-02-07 18:03:30', ''),
(638, 19, '2013-02-07 14:48:32', '2013-02-08 06:21:49', ''),
(639, 44, '2013-02-07 14:49:20', '2013-02-07 20:35:55', ''),
(640, 15, '2013-02-07 16:03:28', '2013-02-07 20:40:41', ''),
(641, 4, '2013-02-07 16:53:26', '2013-02-07 20:39:56', ''),
(642, 46, '2013-02-07 17:01:27', '2013-02-07 20:27:56', ''),
(643, 2, '2013-02-07 17:35:25', '2013-02-07 20:19:30', ''),
(644, 47, '2013-02-07 20:35:32', '2013-02-25 17:48:31', ''),
(645, 19, '2013-02-08 06:23:01', '2013-02-08 11:05:49', ''),
(646, 29, '2013-02-08 06:58:04', '2013-02-08 11:04:18', ''),
(647, 44, '2013-02-08 06:59:16', '2013-02-08 11:04:41', ''),
(648, 31, '2013-02-08 06:59:30', '2013-02-08 11:06:53', ''),
(649, 28, '2013-02-08 07:03:38', '2013-02-08 11:01:49', ''),
(650, 45, '2013-02-08 07:08:05', '2013-02-12 07:02:51', ''),
(651, 31, '2013-02-08 13:05:05', '2013-02-08 18:06:13', ''),
(652, 29, '2013-02-08 13:05:26', '2013-02-08 18:05:49', ''),
(653, 28, '2013-02-08 13:11:33', '2013-02-08 20:30:24', ''),
(654, 44, '2013-02-08 14:53:54', '2013-02-08 20:35:27', ''),
(655, 19, '2013-02-08 15:13:21', '2013-02-08 20:54:52', ''),
(656, 15, '2013-02-08 15:54:01', '2013-02-08 20:36:14', ''),
(657, 49, '2013-02-08 16:58:42', '2013-02-08 20:54:39', ''),
(658, 41, '2013-02-08 17:04:05', '2013-02-08 20:34:31', ''),
(659, 50, '2013-02-08 17:12:05', '2013-02-08 20:42:30', ''),
(660, 10, '2013-02-08 17:20:35', '2013-02-08 20:28:38', ''),
(661, 42, '2013-02-08 17:24:12', '2013-03-08 17:46:28', ''),
(662, 19, '2013-02-09 07:07:35', '2013-02-09 13:05:34', ''),
(663, 29, '2013-02-09 07:09:20', '2013-02-09 12:04:26', ''),
(664, 15, '2013-02-09 07:10:19', '2013-02-09 10:38:42', ''),
(665, 28, '2013-02-09 12:02:17', '2013-02-09 17:15:48', ''),
(666, 22, '2013-02-09 12:10:10', '2013-03-02 15:40:59', ''),
(667, 44, '2013-02-09 17:19:51', '2013-02-12 07:00:15', ''),
(668, 19, '2013-02-11 16:15:19', '2013-02-11 16:15:32', ''),
(669, 29, '2013-02-12 06:59:42', '2013-02-12 11:05:35', ''),
(670, 19, '2013-02-12 07:00:37', '2013-02-12 11:13:13', ''),
(671, 31, '2013-02-12 07:02:01', '2013-02-12 11:05:02', ''),
(672, 36, '2013-02-12 07:02:38', '2013-02-12 20:50:04', ''),
(673, 28, '2013-02-12 07:09:11', '2013-02-12 11:04:11', ''),
(674, 45, '2013-02-12 11:03:08', '2013-02-12 13:16:02', ''),
(675, 44, '2013-02-12 11:05:18', '2013-02-12 15:03:10', ''),
(676, 29, '2013-02-12 13:15:43', '2013-02-12 18:00:09', ''),
(677, 31, '2013-02-12 13:16:24', '2013-02-12 18:06:21', ''),
(678, 28, '2013-02-12 13:16:44', '2013-02-12 20:32:30', ''),
(679, 19, '2013-02-12 15:06:29', '2013-02-12 20:50:36', ''),
(680, 15, '2013-02-12 15:35:13', '2013-02-12 20:49:27', ''),
(681, 41, '2013-02-12 16:44:51', '2013-02-12 20:49:45', ''),
(682, 40, '2013-02-12 16:58:36', '2013-02-12 20:36:41', ''),
(683, 23, '2013-02-12 17:28:55', '2013-02-12 20:49:11', ''),
(684, 44, '2013-02-12 20:35:36', '2013-02-13 07:02:53', ''),
(685, 31, '2013-02-13 07:02:16', '2013-02-13 11:11:58', ''),
(686, 29, '2013-02-13 07:03:12', '2013-02-13 11:10:25', ''),
(687, 43, '2013-02-13 07:03:38', '2013-02-13 10:03:28', ''),
(688, 28, '2013-02-13 07:04:48', '2013-02-13 11:05:39', ''),
(689, 19, '2013-02-13 07:06:42', '2013-02-13 10:59:40', ''),
(690, 45, '2013-02-13 07:10:01', '2013-02-13 11:02:00', ''),
(691, 36, '2013-02-13 07:16:51', '2013-02-26 06:59:50', ''),
(692, 44, '2013-02-13 11:10:10', '2013-02-26 06:59:01', ''),
(693, 45, '2013-02-13 13:12:45', '2013-02-25 13:01:11', ''),
(694, 29, '2013-02-13 13:12:59', '2013-02-25 13:02:33', ''),
(695, 31, '2013-02-13 13:13:18', '2013-02-25 13:01:40', ''),
(696, 28, '2013-02-13 13:14:35', '2013-02-25 11:11:04', ''),
(697, 19, '2013-02-13 13:42:02', '2013-02-25 13:30:03', ''),
(698, 28, '2013-02-25 11:11:23', '2013-02-25 13:02:10', ''),
(699, 19, '2013-02-25 13:30:14', '2013-02-26 06:53:40', ''),
(700, 30, '2013-02-25 16:03:56', '2013-02-26 11:06:33', ''),
(701, 4, '2013-02-25 16:51:04', '2013-02-25 20:33:14', ''),
(702, 29, '2013-02-25 18:02:37', '2013-02-26 06:58:44', ''),
(703, 31, '2013-02-25 18:08:18', '2013-02-26 06:58:27', ''),
(704, 45, '2013-02-25 18:19:01', '2013-02-26 06:49:22', ''),
(705, 28, '2013-02-25 18:19:24', '2013-02-26 07:04:22', ''),
(706, 17, '2013-02-25 20:33:58', '2013-02-27 17:00:35', ''),
(707, 47, '2013-02-25 20:36:32', '2013-02-28 17:37:19', ''),
(708, 19, '2013-02-26 06:53:49', '2013-02-26 10:59:55', ''),
(709, 45, '2013-02-26 11:02:21', '2013-02-26 13:00:59', ''),
(710, 28, '2013-02-26 11:04:21', '2013-02-26 13:00:28', ''),
(711, 36, '2013-02-26 11:04:55', '2013-02-26 15:59:39', ''),
(712, 31, '2013-02-26 11:05:59', '2013-02-27 07:02:38', ''),
(713, 29, '2013-02-26 11:06:52', '2013-02-26 12:59:58', ''),
(714, 44, '2013-02-26 11:07:26', '2013-02-26 14:59:36', ''),
(715, 45, '2013-02-26 13:04:58', '2013-02-27 07:04:57', ''),
(716, 19, '2013-02-26 15:11:56', '2013-02-26 20:35:26', ''),
(717, 15, '2013-02-26 15:59:01', '2013-02-26 20:37:44', ''),
(718, 36, '2013-02-26 15:59:45', '2013-02-27 07:04:34', ''),
(719, 30, '2013-02-26 16:15:41', '2013-02-26 20:36:52', ''),
(720, 40, '2013-02-26 17:20:39', '2013-02-26 20:34:20', ''),
(721, 23, '2013-02-26 17:29:29', '2013-03-05 17:03:26', ''),
(722, 29, '2013-02-26 18:01:42', '2013-02-27 07:03:53', ''),
(723, 44, '2013-02-26 20:32:43', '2013-02-27 07:04:21', ''),
(724, 28, '2013-02-26 20:37:16', '2013-02-27 07:05:23', ''),
(725, 19, '2013-02-27 07:02:02', '2013-02-27 11:00:08', ''),
(726, 31, '2013-02-27 07:02:50', '2013-02-27 11:07:10', ''),
(727, 29, '2013-02-27 07:04:02', '2013-02-27 11:06:08', ''),
(728, 36, '2013-02-27 07:04:43', '2013-02-27 11:07:51', ''),
(729, 30, '2013-02-27 07:08:39', '2013-02-27 11:00:27', ''),
(730, 45, '2013-02-27 11:02:08', '2013-02-27 13:15:32', ''),
(731, 28, '2013-02-27 11:03:24', '2013-02-27 13:16:26', ''),
(732, 44, '2013-02-27 11:04:37', '2013-02-27 14:56:08', ''),
(733, 31, '2013-02-27 13:16:09', '2013-02-27 18:02:03', ''),
(734, 29, '2013-02-27 13:16:40', '2013-02-27 17:56:43', ''),
(735, 19, '2013-02-27 13:39:14', '2013-02-28 07:09:34', ''),
(736, 44, '2013-02-27 14:56:15', '2013-02-27 20:31:32', ''),
(737, 15, '2013-02-27 15:56:47', '2013-02-27 20:39:15', ''),
(738, 36, '2013-02-27 15:57:26', '2013-02-27 20:36:43', ''),
(739, 30, '2013-02-27 16:57:54', '2013-02-27 20:40:25', ''),
(740, 48, '2013-02-27 17:20:01', '2013-02-27 20:51:17', ''),
(741, 2, '2013-02-27 17:28:26', '2013-02-27 20:28:15', ''),
(742, 28, '2013-02-27 18:00:13', '2013-02-28 07:07:46', ''),
(743, 17, '2013-02-27 20:30:41', '2013-03-06 17:22:21', ''),
(744, 14, '2013-02-27 20:41:25', '2013-03-06 17:28:36', ''),
(745, 31, '2013-02-28 07:06:59', '2013-02-28 11:05:00', ''),
(746, 29, '2013-02-28 07:07:12', '2013-02-28 11:06:25', ''),
(747, 44, '2013-02-28 07:07:27', '2013-02-28 11:05:52', ''),
(748, 45, '2013-02-28 07:08:45', '2013-02-28 11:04:31', ''),
(749, 19, '2013-02-28 07:09:44', '2013-02-28 11:06:46', ''),
(750, 36, '2013-02-28 07:10:46', '2013-02-28 20:39:42', ''),
(751, 30, '2013-02-28 07:23:41', '2013-02-28 20:36:20', ''),
(752, 28, '2013-02-28 11:20:08', '2013-02-28 13:10:55', ''),
(753, 29, '2013-02-28 13:10:15', '2013-02-28 18:23:07', ''),
(754, 31, '2013-02-28 13:11:10', '2013-02-28 18:09:48', ''),
(755, 44, '2013-02-28 15:02:26', '2013-02-28 20:34:41', ''),
(756, 19, '2013-02-28 15:26:51', '2013-02-28 20:33:39', ''),
(757, 15, '2013-02-28 15:57:34', '2013-02-28 20:40:22', ''),
(758, 4, '2013-02-28 16:58:31', '2013-03-04 17:17:08', ''),
(759, 46, '2013-02-28 17:16:35', '2013-02-28 20:33:59', ''),
(760, 2, '2013-02-28 17:30:05', '2013-03-06 17:23:30', ''),
(761, 43, '2013-02-28 18:09:15', '2013-02-28 20:40:48', ''),
(762, 45, '2013-02-28 18:30:59', '2013-03-01 07:15:01', ''),
(763, 28, '2013-02-28 20:29:26', '2013-03-01 07:02:47', ''),
(764, 47, '2013-02-28 20:35:47', '2013-03-04 17:34:36', ''),
(765, 36, '2013-03-01 06:57:58', '2013-03-01 11:04:19', ''),
(766, 29, '2013-03-01 07:00:58', '2013-03-01 11:04:06', ''),
(767, 44, '2013-03-01 07:02:07', '2013-03-01 11:05:42', ''),
(768, 31, '2013-03-01 07:05:38', '2013-03-01 13:05:47', ''),
(769, 19, '2013-03-01 07:06:57', '2013-03-01 20:38:23', ''),
(770, 28, '2013-03-01 11:03:51', '2013-03-01 13:06:34', ''),
(771, 45, '2013-03-01 11:05:23', '2013-03-04 07:06:56', ''),
(772, 44, '2013-03-01 13:05:22', '2013-03-01 18:00:24', ''),
(773, 29, '2013-03-01 13:05:59', '2013-03-01 18:03:42', ''),
(774, 15, '2013-03-01 16:01:51', '2013-03-01 20:34:22', ''),
(775, 10, '2013-03-01 16:39:18', '2013-03-08 16:46:26', ''),
(776, 49, '2013-03-01 17:16:36', '2013-03-08 20:31:06', ''),
(777, 50, '2013-03-01 17:24:17', '2013-03-01 20:36:01', ''),
(778, 41, '2013-03-01 17:39:08', '2013-03-01 20:35:38', ''),
(779, 31, '2013-03-01 18:07:17', '2013-03-04 13:19:56', ''),
(780, 28, '2013-03-01 20:32:40', '2013-03-02 12:03:04', ''),
(781, 19, '2013-03-02 05:49:55', '2013-03-04 06:19:43', ''),
(782, 22, '2013-03-02 15:41:30', '2013-03-09 12:02:53', ''),
(783, 28, '2013-03-02 17:14:25', '2013-03-04 07:05:54', ''),
(784, 44, '2013-03-02 17:15:01', '2013-03-02 17:15:16', ''),
(785, 19, '2013-03-04 06:19:53', '2013-03-04 11:03:00', ''),
(786, 29, '2013-03-04 07:04:48', '2013-03-04 11:04:44', ''),
(787, 45, '2013-03-04 11:03:18', '2013-03-04 13:22:00', ''),
(788, 28, '2013-03-04 11:05:01', '2013-03-04 13:21:11', ''),
(789, 29, '2013-03-04 13:19:24', '2013-03-04 13:20:49', ''),
(790, 19, '2013-03-04 13:59:43', '2013-03-04 16:50:57', ''),
(791, 15, '2013-03-04 15:55:33', '2013-03-04 20:45:09', ''),
(792, 24, '2013-03-04 17:20:47', '2013-03-04 20:47:06', ''),
(793, 31, '2013-03-04 18:08:48', '2013-03-05 07:00:42', ''),
(794, 28, '2013-03-04 18:09:45', '2013-03-05 07:06:38', ''),
(795, 29, '2013-03-04 18:10:06', '2013-03-05 06:59:00', ''),
(796, 47, '2013-03-04 20:34:51', '2013-03-07 17:49:39', ''),
(797, 4, '2013-03-04 20:35:38', '2013-03-07 16:52:19', ''),
(798, 44, '2013-03-05 06:59:56', '2013-03-05 11:02:50', ''),
(799, 36, '2013-03-05 07:04:21', '2013-03-05 20:33:16', ''),
(800, 45, '2013-03-05 07:04:43', '2013-03-05 11:03:13', ''),
(801, 31, '2013-03-05 11:02:15', '2013-03-05 13:12:48', ''),
(802, 29, '2013-03-05 11:03:52', '2013-03-05 13:10:39', ''),
(803, 28, '2013-03-05 11:04:20', '2013-03-05 13:11:32', ''),
(804, 28, '2013-03-05 13:12:19', '2013-03-05 20:37:26', ''),
(805, 31, '2013-03-05 13:13:42', '2013-03-05 18:13:08', ''),
(806, 15, '2013-03-05 15:56:11', '2013-03-05 20:32:41', ''),
(807, 24, '2013-03-05 17:10:02', '2013-03-11 17:52:25', ''),
(808, 41, '2013-03-05 17:21:23', '2013-03-12 21:46:14', ''),
(809, 40, '2013-03-05 17:26:49', '2013-03-05 20:39:42', ''),
(810, 29, '2013-03-05 18:03:04', '2013-03-06 07:02:57', ''),
(811, 45, '2013-03-05 19:08:22', '2013-03-06 07:21:19', ''),
(812, 44, '2013-03-05 20:29:29', '2013-03-05 20:34:16', ''),
(813, 23, '2013-03-05 20:42:50', '2013-03-12 18:19:43', ''),
(814, 31, '2013-03-06 07:02:42', '2013-03-06 11:03:11', ''),
(815, 28, '2013-03-06 07:03:27', '2013-03-06 11:05:43', ''),
(816, 44, '2013-03-06 07:08:05', '2013-03-06 11:04:27', ''),
(817, 19, '2013-03-06 07:15:48', '2013-03-06 10:35:37', ''),
(818, 36, '2013-03-06 07:16:03', '2013-03-06 11:04:52', ''),
(819, 45, '2013-03-06 11:05:16', '2013-03-06 13:04:53', ''),
(820, 29, '2013-03-06 11:05:27', '2013-03-06 13:05:35', ''),
(821, 28, '2013-03-06 13:05:59', '2013-03-06 18:00:42', ''),
(822, 31, '2013-03-06 13:07:17', '2013-03-06 18:06:45', ''),
(823, 19, '2013-03-06 13:49:24', '2013-03-07 07:07:50', ''),
(824, 44, '2013-03-06 15:02:35', '2013-03-06 20:38:41', ''),
(825, 15, '2013-03-06 15:57:49', '2013-03-06 20:40:21', ''),
(826, 48, '2013-03-06 17:00:19', '2013-03-06 20:42:57', ''),
(827, 17, '2013-03-06 17:23:01', '2013-03-06 20:32:46', ''),
(828, 2, '2013-03-06 17:23:48', '2013-03-06 20:39:36', ''),
(829, 28, '2013-03-06 18:04:12', '2013-03-07 07:03:19', ''),
(830, 29, '2013-03-06 18:05:30', '2013-03-07 06:56:27', ''),
(831, 45, '2013-03-06 18:26:19', '2013-03-07 07:13:01', ''),
(832, 14, '2013-03-06 20:33:17', '2013-03-06 20:33:46', ''),
(833, 44, '2013-03-07 06:57:00', '2013-03-07 11:03:44', ''),
(834, 31, '2013-03-07 06:57:35', '2013-03-07 11:04:54', ''),
(835, 36, '2013-03-07 06:58:22', '2013-03-07 11:05:06', ''),
(836, 19, '2013-03-07 07:07:58', '2013-03-07 10:52:03', ''),
(837, 43, '2013-03-07 07:09:58', '2013-03-07 09:12:22', ''),
(838, 29, '2013-03-07 11:04:04', '2013-03-07 13:13:01', ''),
(839, 28, '2013-03-07 11:04:26', '2013-03-07 13:13:35', ''),
(840, 31, '2013-03-07 13:13:18', '2013-03-07 18:03:51', ''),
(841, 44, '2013-03-07 14:57:29', '2013-03-07 20:41:45', ''),
(842, 15, '2013-03-07 15:54:24', '2013-03-07 20:34:45', ''),
(843, 19, '2013-03-07 16:46:04', '2013-03-08 07:04:47', ''),
(844, 43, '2013-03-07 16:51:43', '2013-03-07 20:39:54', ''),
(845, 4, '2013-03-07 16:52:28', '2013-03-07 20:30:22', ''),
(846, 2, '2013-03-07 17:08:26', '2013-03-07 20:39:35', ''),
(847, 46, '2013-03-07 17:28:54', '2013-03-07 20:41:22', ''),
(848, 47, '2013-03-07 17:49:49', '2013-03-07 20:33:24', ''),
(849, 29, '2013-03-07 18:02:32', '2013-03-07 18:02:43', ''),
(850, 28, '2013-03-07 20:37:25', '2013-03-08 07:03:04', ''),
(851, 36, '2013-03-07 20:42:00', '2013-03-07 20:42:07', ''),
(852, 36, '2013-03-08 06:57:33', '2013-03-08 11:00:37', ''),
(853, 29, '2013-03-08 07:01:47', '2013-03-08 11:04:30', ''),
(854, 44, '2013-03-08 07:02:08', '2013-03-08 11:01:59', ''),
(855, 31, '2013-03-08 07:02:31', '2013-03-08 11:05:40', ''),
(856, 19, '2013-03-08 09:13:06', '2013-03-08 11:16:09', ''),
(857, 28, '2013-03-08 11:07:40', '2013-03-08 14:07:12', ''),
(858, 45, '2013-03-08 14:02:34', '2013-03-11 08:12:50', ''),
(859, 29, '2013-03-08 14:03:26', '2013-03-08 18:02:25', ''),
(860, 44, '2013-03-08 14:50:50', '2013-03-09 06:11:14', ''),
(861, 19, '2013-03-08 15:49:47', '2013-03-08 20:21:09', ''),
(862, 15, '2013-03-08 15:56:09', '2013-03-08 20:30:04', ''),
(863, 50, '2013-03-08 17:52:41', '2013-03-08 20:28:05', ''),
(864, 31, '2013-03-08 18:08:11', '2013-03-09 06:21:51', ''),
(865, 36, '2013-03-08 19:54:53', '2013-03-08 19:55:02', ''),
(866, 10, '2013-03-08 20:21:29', '2013-03-15 18:14:56', '');
INSERT INTO `asistencias` (`id`, `usuario_id`, `entrada`, `salida`, `comentarios`) VALUES
(867, 49, '2013-03-08 20:31:15', '2013-03-15 18:32:32', ''),
(868, 36, '2013-03-09 05:26:39', '2013-03-09 17:10:58', ''),
(869, 29, '2013-03-09 06:10:32', '2013-03-09 11:31:33', ''),
(870, 44, '2013-03-09 06:11:55', '2013-03-09 17:10:10', ''),
(871, 15, '2013-03-09 06:23:46', '2013-03-09 10:34:39', ''),
(872, 19, '2013-03-09 06:31:14', '2013-03-11 07:28:14', ''),
(873, 22, '2013-03-09 12:03:19', '2013-03-09 16:02:08', ''),
(874, 31, '2013-03-09 16:07:16', '2013-03-11 07:53:21', ''),
(875, 28, '2013-03-09 17:09:35', '2013-03-11 08:01:43', ''),
(876, 19, '2013-03-11 07:28:22', '2013-03-11 14:34:46', ''),
(877, 29, '2013-03-11 07:51:44', '2013-03-11 12:06:55', ''),
(878, 17, '2013-03-11 07:58:32', '2013-03-11 11:05:26', ''),
(879, 28, '2013-03-11 08:01:57', '2013-03-11 12:08:23', ''),
(880, 45, '2013-03-11 08:12:59', '2013-03-11 12:04:49', ''),
(881, 31, '2013-03-11 12:03:26', '2013-03-11 14:09:21', ''),
(882, 45, '2013-03-11 14:09:59', '2013-03-11 19:41:37', ''),
(883, 28, '2013-03-11 14:10:19', '2013-03-11 19:25:11', ''),
(884, 29, '2013-03-11 16:01:34', '2013-03-11 21:42:25', ''),
(885, 15, '2013-03-11 17:01:11', '2013-03-12 16:54:52', ''),
(886, 24, '2013-03-11 17:52:32', '2013-03-11 21:35:46', ''),
(887, 19, '2013-03-11 17:57:29', '2013-03-11 17:57:50', ''),
(888, 17, '2013-03-11 18:02:27', '2013-03-11 21:36:19', ''),
(889, 4, '2013-03-11 18:20:33', '2013-03-11 21:24:43', ''),
(890, 47, '2013-03-11 18:55:37', '2013-03-11 21:30:44', ''),
(891, 31, '2013-03-11 19:06:01', '2013-03-12 08:07:43', ''),
(892, 19, '2013-03-12 08:07:09', '2013-03-12 11:55:37', ''),
(893, 45, '2013-03-12 08:07:26', '2013-03-12 12:00:35', ''),
(894, 28, '2013-03-12 08:08:11', '2013-03-12 12:06:08', ''),
(895, 29, '2013-03-12 08:08:32', '2013-03-12 12:03:25', ''),
(896, 36, '2013-03-12 08:09:18', '2013-03-12 11:56:19', ''),
(897, 44, '2013-03-12 08:10:12', '2013-03-12 11:59:13', ''),
(898, 31, '2013-03-12 12:03:07', '2013-03-12 14:15:19', ''),
(899, 29, '2013-03-12 14:14:57', '2013-03-12 19:02:58', ''),
(900, 28, '2013-03-12 14:15:44', '2013-03-12 21:30:06', ''),
(901, 45, '2013-03-12 14:16:17', '2013-03-13 08:08:45', ''),
(902, 44, '2013-03-12 16:00:31', '2013-03-12 21:37:31', ''),
(903, 19, '2013-03-12 16:12:31', '2013-03-12 21:39:41', ''),
(904, 15, '2013-03-12 16:55:06', '2013-03-12 21:34:36', ''),
(905, 40, '2013-03-12 18:09:21', '2013-03-12 21:38:40', ''),
(906, 23, '2013-03-12 18:20:11', '2013-03-12 21:26:42', ''),
(907, 31, '2013-03-12 19:04:57', '2013-03-13 08:00:17', ''),
(908, 36, '2013-03-12 21:39:15', '2013-03-12 21:39:24', ''),
(909, 19, '2013-03-13 07:29:59', '2013-03-13 12:07:16', ''),
(910, 36, '2013-03-13 07:39:42', '2013-03-13 21:37:05', ''),
(911, 31, '2013-03-13 08:00:29', '2013-03-13 12:13:21', ''),
(912, 29, '2013-03-13 08:05:37', '2013-03-13 12:06:44', ''),
(913, 44, '2013-03-13 08:06:58', '2013-03-13 12:06:25', ''),
(914, 45, '2013-03-13 14:07:06', '2013-03-13 19:11:21', ''),
(915, 29, '2013-03-13 14:07:24', '2013-03-13 19:03:59', ''),
(916, 31, '2013-03-13 14:07:50', '2013-03-13 19:04:17', ''),
(917, 19, '2013-03-13 14:26:19', '2013-03-13 17:51:08', ''),
(918, 44, '2013-03-13 15:55:50', '2013-03-13 21:32:34', ''),
(919, 15, '2013-03-13 16:58:59', '2013-03-13 21:39:06', ''),
(920, 48, '2013-03-13 17:32:51', '2013-03-13 21:40:50', ''),
(921, 17, '2013-03-13 17:57:01', '2013-03-13 21:38:18', ''),
(922, 2, '2013-03-13 18:32:17', '2013-03-13 21:31:41', ''),
(923, 14, '2013-03-13 18:33:35', '2013-03-13 21:31:13', ''),
(924, 36, '2013-03-14 07:58:35', '2013-03-14 12:05:56', ''),
(925, 31, '2013-03-14 07:59:00', '2013-03-14 12:04:31', ''),
(926, 29, '2013-03-14 07:59:28', '2013-03-14 12:05:01', ''),
(927, 44, '2013-03-14 07:59:58', '2013-03-14 12:07:05', ''),
(928, 19, '2013-03-14 08:37:24', '2013-03-14 12:03:37', ''),
(929, 45, '2013-03-14 12:03:23', '2013-03-15 14:14:50', ''),
(930, 28, '2013-03-14 12:05:20', '2013-03-14 12:05:29', ''),
(931, 29, '2013-03-14 14:15:50', '2013-03-14 19:03:33', ''),
(932, 28, '2013-03-14 14:16:29', '2013-03-15 12:06:37', ''),
(933, 31, '2013-03-14 14:17:36', '2013-03-14 19:03:53', ''),
(934, 19, '2013-03-14 15:48:16', '2013-03-14 21:49:52', ''),
(935, 15, '2013-03-14 16:52:41', '2013-03-14 21:51:01', ''),
(936, 4, '2013-03-14 17:43:54', '2013-03-18 18:02:43', ''),
(937, 2, '2013-03-14 18:25:59', '2013-03-20 18:26:22', ''),
(938, 46, '2013-03-14 18:35:48', '2013-03-21 18:38:01', ''),
(939, 47, '2013-03-14 18:38:33', '2013-03-18 18:48:28', ''),
(940, 43, '2013-03-14 18:42:36', '2013-03-20 08:15:59', ''),
(941, 44, '2013-03-14 18:43:07', '2013-03-15 12:08:18', ''),
(942, 28, '2013-03-15 12:07:01', '2013-03-15 14:16:08', ''),
(943, 29, '2013-03-15 12:07:24', '2013-03-15 12:07:44', ''),
(944, 29, '2013-03-15 12:07:51', '2013-03-15 14:15:30', ''),
(945, 44, '2013-03-15 12:08:34', '2013-03-15 12:08:42', ''),
(946, 31, '2013-03-15 12:09:07', '2013-03-15 12:09:15', ''),
(947, 31, '2013-03-15 14:15:13', '2013-03-15 19:10:35', ''),
(948, 44, '2013-03-15 15:49:06', '2013-03-15 21:37:39', ''),
(949, 19, '2013-03-15 17:30:40', '2013-03-18 08:21:30', ''),
(950, 10, '2013-03-15 18:15:21', '2013-03-15 21:32:14', ''),
(951, 50, '2013-03-15 18:30:39', '2013-04-05 18:47:45', ''),
(952, 42, '2013-03-15 18:33:56', '2013-03-22 18:20:42', ''),
(953, 28, '2013-03-15 19:07:11', '2013-03-16 13:00:21', ''),
(954, 29, '2013-03-15 19:08:16', '2013-03-16 07:12:23', ''),
(955, 15, '2013-03-15 21:36:11', '2013-03-15 21:36:44', ''),
(956, 49, '2013-03-15 21:42:17', '2013-03-22 18:21:34', ''),
(957, 36, '2013-03-16 07:14:56', '2013-03-19 08:04:40', ''),
(958, 44, '2013-03-16 07:21:54', '2013-03-16 17:54:55', ''),
(959, 15, '2013-03-16 07:22:13', '2013-03-16 11:42:34', ''),
(960, 31, '2013-03-16 07:23:12', '2013-03-18 14:23:56', ''),
(961, 29, '2013-03-16 12:47:22', '2013-03-18 08:24:55', ''),
(962, 28, '2013-03-16 13:05:37', '2013-03-16 17:54:11', ''),
(963, 22, '2013-03-16 13:55:08', '2013-03-16 13:56:22', ''),
(964, 22, '2013-03-16 13:56:53', '2013-03-16 17:01:07', ''),
(965, 28, '2013-03-18 08:14:27', '2013-03-18 14:23:32', ''),
(966, 45, '2013-03-18 08:15:09', '2013-03-18 19:37:51', ''),
(967, 19, '2013-03-18 08:21:46', '2013-03-18 14:25:08', ''),
(968, 29, '2013-03-18 08:25:04', '2013-03-18 15:58:32', ''),
(969, 17, '2013-03-18 10:51:27', '2013-03-18 10:51:34', ''),
(970, 19, '2013-03-18 14:25:19', '2013-03-18 18:06:28', ''),
(971, 15, '2013-03-18 17:00:33', '2013-03-19 17:01:06', ''),
(972, 4, '2013-03-18 18:02:56', '2013-03-21 18:05:42', ''),
(973, 17, '2013-03-18 18:16:13', '2013-03-18 21:30:49', ''),
(974, 24, '2013-03-18 18:24:45', '2013-03-18 21:35:20', ''),
(975, 31, '2013-03-18 19:02:36', '2013-03-19 08:03:53', ''),
(976, 28, '2013-03-18 19:34:49', '2013-03-19 08:05:20', ''),
(977, 47, '2013-03-18 21:33:00', '2013-03-21 18:49:25', ''),
(978, 19, '2013-03-19 07:59:34', '2013-03-19 16:11:18', ''),
(979, 30, '2013-03-19 08:00:02', '2013-03-19 16:55:44', ''),
(980, 45, '2013-03-19 08:02:00', '2013-03-19 14:11:42', ''),
(981, 29, '2013-03-19 08:02:38', '2013-03-19 14:06:51', ''),
(982, 44, '2013-03-19 08:03:01', '2013-03-19 15:50:11', ''),
(983, 31, '2013-03-19 08:04:05', '2013-03-19 14:14:02', ''),
(984, 36, '2013-03-19 08:04:51', '2013-03-19 12:10:59', ''),
(985, 28, '2013-03-19 08:05:38', '2013-03-19 14:12:28', ''),
(986, 29, '2013-03-19 14:08:21', '2013-03-19 14:08:31', ''),
(987, 44, '2013-03-19 15:50:27', '2013-03-19 21:39:43', ''),
(988, 19, '2013-03-19 16:11:29', '2013-03-19 21:21:56', ''),
(989, 51, '2013-03-19 16:16:44', '2013-03-19 20:58:10', ''),
(990, 36, '2013-03-19 16:23:30', '2013-03-19 21:04:26', ''),
(991, 30, '2013-03-19 16:55:53', '2013-03-20 08:14:36', ''),
(992, 23, '2013-03-19 18:16:39', '2013-04-30 18:40:23', ''),
(993, 29, '2013-03-19 19:02:18', '2013-03-20 08:07:19', ''),
(994, 31, '2013-03-19 19:03:53', '2013-03-19 19:04:41', ''),
(995, 15, '2013-03-19 21:38:24', '2013-03-20 16:54:43', ''),
(996, 40, '2013-03-19 21:49:49', '2013-04-15 18:28:07', ''),
(997, 28, '2013-03-19 21:50:17', '2013-03-20 08:09:54', ''),
(998, 19, '2013-03-20 08:07:01', '2013-03-20 11:55:37', ''),
(999, 29, '2013-03-20 08:07:39', '2013-03-20 12:04:38', ''),
(1000, 31, '2013-03-20 08:09:23', '2013-03-20 12:02:24', ''),
(1001, 28, '2013-03-20 08:10:14', '2013-03-20 12:03:37', ''),
(1002, 44, '2013-03-20 08:11:06', '2013-03-20 12:11:52', ''),
(1003, 36, '2013-03-20 08:11:26', '2013-03-20 12:30:45', ''),
(1004, 30, '2013-03-20 08:14:50', '2013-03-20 21:30:34', ''),
(1005, 43, '2013-03-20 08:16:08', '2013-03-20 10:56:49', ''),
(1006, 28, '2013-03-20 14:02:32', '2013-03-20 19:05:11', ''),
(1007, 29, '2013-03-20 14:04:55', '2013-03-20 19:03:41', ''),
(1008, 19, '2013-03-20 14:08:22', '2013-03-21 21:23:59', ''),
(1009, 31, '2013-03-20 14:18:31', '2013-03-20 19:05:46', ''),
(1010, 48, '2013-03-20 18:17:35', '2013-03-20 21:40:17', ''),
(1011, 14, '2013-03-20 18:25:38', '2013-03-20 21:33:26', ''),
(1012, 31, '2013-03-20 19:06:12', '2013-03-20 19:06:49', ''),
(1013, 2, '2013-03-20 20:10:13', '2013-03-21 18:27:37', ''),
(1014, 36, '2013-03-20 21:26:11', '2013-03-21 12:07:49', ''),
(1015, 15, '2013-03-20 21:36:03', '2013-03-21 16:58:31', ''),
(1016, 29, '2013-03-21 08:07:29', '2013-03-21 12:02:40', ''),
(1017, 31, '2013-03-21 08:07:55', '2013-03-21 12:01:58', ''),
(1018, 28, '2013-03-21 08:08:31', '2013-03-21 12:04:22', ''),
(1019, 44, '2013-03-21 08:10:09', '2013-03-21 12:05:02', ''),
(1020, 43, '2013-03-21 10:57:01', '2013-03-21 18:32:15', ''),
(1021, 29, '2013-03-21 14:08:48', '2013-03-21 19:03:58', ''),
(1022, 28, '2013-03-21 14:09:28', '2013-03-21 21:37:48', ''),
(1023, 31, '2013-03-21 14:10:17', '2013-03-21 14:10:41', ''),
(1024, 44, '2013-03-21 15:58:58', '2013-03-21 21:38:34', ''),
(1025, 36, '2013-03-21 16:02:27', '2013-03-21 21:41:11', ''),
(1026, 31, '2013-03-21 18:59:27', '2013-03-21 18:59:47', ''),
(1027, 47, '2013-03-21 21:32:34', '2013-04-01 18:38:50', ''),
(1028, 4, '2013-03-21 21:33:33', '2013-04-01 18:10:50', ''),
(1029, 2, '2013-03-21 21:35:47', '2013-04-03 18:56:02', ''),
(1030, 46, '2013-03-21 21:42:06', '2013-04-04 18:25:17', ''),
(1031, 15, '2013-03-21 21:42:55', '2013-03-22 16:44:34', ''),
(1032, 29, '2013-03-22 08:06:35', '2013-03-22 12:09:50', ''),
(1033, 44, '2013-03-22 08:07:30', '2013-03-22 21:18:25', ''),
(1034, 31, '2013-03-22 08:08:40', '2013-03-22 12:11:43', ''),
(1035, 28, '2013-03-22 08:09:37', '2013-03-22 12:07:58', ''),
(1036, 28, '2013-03-22 14:06:08', '2013-03-23 15:02:19', ''),
(1037, 30, '2013-03-22 21:29:18', '2013-03-26 08:07:32', ''),
(1038, 36, '2013-03-22 21:32:31', '2013-03-27 12:05:08', ''),
(1039, 29, '2013-03-23 07:30:33', '2013-03-23 12:08:30', ''),
(1040, 15, '2013-03-23 07:31:02', '2013-03-23 11:41:59', ''),
(1041, 31, '2013-03-23 07:31:19', '2013-03-26 08:16:25', ''),
(1042, 19, '2013-03-23 07:37:46', '2013-03-26 08:06:55', ''),
(1043, 22, '2013-03-23 13:50:20', '2013-03-23 17:17:36', ''),
(1044, 28, '2013-03-23 18:55:09', '2013-03-26 08:09:36', ''),
(1045, 19, '2013-03-26 08:07:06', '2013-03-26 11:57:15', ''),
(1046, 30, '2013-03-26 08:07:50', '2013-03-27 12:10:03', ''),
(1047, 29, '2013-03-26 08:08:18', '2013-03-26 11:57:29', ''),
(1048, 44, '2013-03-26 08:08:46', '2013-03-26 11:59:30', ''),
(1049, 28, '2013-03-26 08:09:56', '2013-03-26 11:57:54', ''),
(1050, 45, '2013-03-26 08:14:37', '2013-03-26 11:58:10', ''),
(1051, 31, '2013-03-26 08:16:31', '2013-03-26 11:58:47', ''),
(1052, 45, '2013-03-26 14:11:54', '2013-03-27 08:07:22', ''),
(1053, 29, '2013-03-26 14:12:11', '2013-03-27 08:10:03', ''),
(1054, 28, '2013-03-26 14:12:58', '2013-03-27 08:09:24', ''),
(1055, 19, '2013-03-26 16:24:20', '2013-03-27 11:57:56', ''),
(1056, 45, '2013-03-27 08:07:44', '2013-03-27 12:07:15', ''),
(1057, 28, '2013-03-27 08:09:40', '2013-03-27 12:06:09', ''),
(1058, 29, '2013-03-27 08:10:13', '2013-03-27 12:05:40', ''),
(1059, 44, '2013-03-27 08:11:02', '2013-04-01 08:08:45', ''),
(1060, 31, '2013-03-27 08:13:12', '2013-03-27 12:04:41', ''),
(1061, 36, '2013-03-27 12:05:17', '2013-03-27 12:05:27', ''),
(1062, 45, '2013-03-27 14:04:10', '2013-03-27 19:22:10', ''),
(1063, 31, '2013-03-27 14:07:03', '2013-03-27 18:57:16', ''),
(1064, 28, '2013-03-27 14:09:00', '2013-03-27 19:18:14', ''),
(1065, 29, '2013-03-27 14:11:54', '2013-03-27 18:56:26', ''),
(1066, 15, '2013-03-27 18:56:13', '2013-03-27 21:37:32', ''),
(1067, 30, '2013-03-27 21:56:58', '2013-04-01 12:04:34', ''),
(1068, 31, '2013-04-01 08:07:40', '2013-04-01 12:06:19', ''),
(1069, 29, '2013-04-01 08:08:04', '2013-04-01 12:05:58', ''),
(1070, 44, '2013-04-01 08:09:20', '2013-04-01 12:06:55', ''),
(1071, 28, '2013-04-01 08:09:57', '2013-04-01 12:05:33', ''),
(1072, 19, '2013-04-01 08:16:00', '2013-04-01 12:00:59', ''),
(1073, 45, '2013-04-01 08:16:59', '2013-04-01 12:05:11', ''),
(1074, 17, '2013-04-01 10:53:24', '2013-04-01 10:53:30', ''),
(1075, 45, '2013-04-01 14:12:28', '2013-04-02 12:01:59', ''),
(1076, 28, '2013-04-01 14:13:40', '2013-04-02 08:08:34', ''),
(1077, 31, '2013-04-01 14:14:07', '2013-04-02 12:05:16', ''),
(1078, 29, '2013-04-01 14:22:14', '2013-04-01 19:02:22', ''),
(1079, 19, '2013-04-01 14:26:50', '2013-04-02 08:07:14', ''),
(1080, 4, '2013-04-01 18:11:21', '2013-04-04 18:02:29', ''),
(1081, 24, '2013-04-01 18:11:44', '2013-08-05 21:37:41', ''),
(1082, 47, '2013-04-01 21:31:31', '2013-04-08 18:48:34', ''),
(1083, 15, '2013-04-01 21:42:53', '2013-04-03 21:41:28', ''),
(1084, 44, '2013-04-01 21:48:04', '2013-04-01 21:48:21', ''),
(1085, 30, '2013-04-01 21:48:58', '2013-04-02 08:14:33', ''),
(1086, 36, '2013-04-02 08:12:33', '2013-04-02 12:05:37', ''),
(1087, 29, '2013-04-02 08:12:49', '2013-04-02 12:07:57', ''),
(1088, 44, '2013-04-02 08:14:06', '2013-04-02 12:02:37', ''),
(1089, 30, '2013-04-02 08:14:44', '2013-04-04 08:04:17', ''),
(1090, 19, '2013-04-02 12:01:43', '2013-04-02 16:09:00', ''),
(1091, 28, '2013-04-02 12:08:33', '2013-04-02 14:09:18', ''),
(1092, 45, '2013-04-02 14:06:08', '2013-04-03 14:02:57', ''),
(1093, 29, '2013-04-02 14:06:24', '2013-04-03 08:10:04', ''),
(1094, 31, '2013-04-02 14:06:57', '2013-04-03 08:00:38', ''),
(1095, 19, '2013-04-02 16:09:07', '2013-04-03 08:00:25', ''),
(1096, 31, '2013-04-03 08:00:44', '2013-04-03 12:01:57', ''),
(1097, 36, '2013-04-03 08:05:25', '2013-04-03 12:03:42', ''),
(1098, 28, '2013-04-03 08:05:49', '2013-04-03 12:02:40', ''),
(1099, 29, '2013-04-03 08:10:12', '2013-04-03 12:02:16', ''),
(1100, 44, '2013-04-03 08:13:13', '2013-04-03 12:03:10', ''),
(1101, 29, '2013-04-03 14:03:13', '2013-04-03 19:05:04', ''),
(1102, 28, '2013-04-03 14:05:35', '2013-04-03 19:07:32', ''),
(1103, 31, '2013-04-03 14:16:55', '2013-04-03 19:14:52', ''),
(1104, 19, '2013-04-03 14:31:51', '2013-04-03 18:04:15', ''),
(1105, 48, '2013-04-03 18:18:28', '2013-04-03 21:40:55', ''),
(1106, 14, '2013-04-03 18:41:29', '2013-04-16 18:37:25', ''),
(1107, 45, '2013-04-03 19:33:53', '2013-04-04 08:05:23', ''),
(1108, 44, '2013-04-03 21:25:37', '2013-04-03 21:28:27', ''),
(1109, 19, '2013-04-04 07:57:29', '2013-04-04 12:20:09', ''),
(1110, 31, '2013-04-04 08:00:25', '2013-04-04 12:00:39', ''),
(1111, 29, '2013-04-04 08:03:36', '2013-04-04 12:03:48', ''),
(1112, 44, '2013-04-04 08:03:57', '2013-04-04 12:01:09', ''),
(1113, 30, '2013-04-04 08:04:27', '2013-04-04 21:35:19', ''),
(1114, 28, '2013-04-04 08:05:45', '2013-04-04 12:04:05', ''),
(1115, 36, '2013-04-04 08:11:04', '2013-04-04 12:00:25', ''),
(1116, 45, '2013-04-04 12:03:10', '2013-04-04 12:03:28', ''),
(1117, 29, '2013-04-04 14:07:54', '2013-04-04 19:04:07', ''),
(1118, 45, '2013-04-04 14:10:02', '2013-04-05 08:08:52', ''),
(1119, 28, '2013-04-04 14:11:23', '2013-04-04 21:09:32', ''),
(1120, 31, '2013-04-04 14:12:02', '2013-04-04 19:02:49', ''),
(1121, 19, '2013-04-04 16:02:13', '2013-04-04 21:53:57', ''),
(1122, 44, '2013-04-04 16:06:02', '2013-04-04 21:34:35', ''),
(1123, 15, '2013-04-04 16:59:32', '2013-04-04 21:41:05', ''),
(1124, 4, '2013-04-04 18:03:06', '2013-04-18 17:58:29', ''),
(1125, 46, '2013-04-04 18:25:23', '2013-04-04 21:20:30', ''),
(1126, 2, '2013-04-04 18:38:05', '2013-04-17 18:22:20', ''),
(1127, 43, '2013-04-04 18:40:18', '2013-05-28 18:23:54', ''),
(1128, 36, '2013-04-04 21:35:44', '2013-04-04 21:35:57', ''),
(1129, 19, '2013-04-05 08:07:36', '2013-04-05 12:04:31', ''),
(1130, 36, '2013-04-05 08:08:02', '2013-04-05 12:02:31', ''),
(1131, 31, '2013-04-05 08:08:28', '2013-04-05 12:00:47', ''),
(1132, 45, '2013-04-05 08:09:03', '2013-04-05 12:02:54', ''),
(1133, 28, '2013-04-05 08:10:29', '2013-04-05 12:04:18', ''),
(1134, 30, '2013-04-05 08:10:58', '2013-04-06 18:12:24', ''),
(1135, 29, '2013-04-05 08:11:15', '2013-04-05 12:03:14', ''),
(1136, 44, '2013-04-05 08:11:40', '2013-04-05 12:01:48', ''),
(1137, 29, '2013-04-05 14:21:00', '2013-04-05 18:57:53', ''),
(1138, 45, '2013-04-05 14:21:24', '2013-04-08 08:07:21', ''),
(1139, 28, '2013-04-05 14:21:46', '2013-04-05 21:10:38', ''),
(1140, 31, '2013-04-05 14:22:20', '2013-04-05 18:58:08', ''),
(1141, 44, '2013-04-05 15:54:36', '2013-04-09 07:10:13', ''),
(1142, 19, '2013-04-05 16:21:10', '2013-04-06 08:01:21', ''),
(1143, 15, '2013-04-05 16:57:00', '2013-04-05 21:46:53', ''),
(1144, 10, '2013-04-05 17:59:47', '2013-04-05 21:32:35', ''),
(1145, 49, '2013-04-05 18:00:10', '2013-04-05 22:02:13', ''),
(1146, 42, '2013-04-05 18:15:39', '2013-08-01 18:17:44', ''),
(1147, 36, '2013-04-05 21:32:46', '2013-04-09 12:08:43', ''),
(1148, 29, '2013-04-06 07:10:34', '2013-04-06 12:28:00', ''),
(1149, 31, '2013-04-06 07:11:02', '2013-04-06 16:32:17', ''),
(1150, 28, '2013-04-06 07:17:10', '2013-04-06 13:07:01', ''),
(1151, 15, '2013-04-06 07:23:33', '2013-04-06 11:45:56', ''),
(1152, 19, '2013-04-08 07:24:54', '2013-04-08 12:10:54', ''),
(1153, 29, '2013-04-08 07:59:07', '2013-04-08 12:03:54', ''),
(1154, 31, '2013-04-08 07:59:19', '2013-04-08 12:03:34', ''),
(1155, 28, '2013-04-08 08:11:23', '2013-04-08 12:10:45', ''),
(1156, 31, '2013-04-08 14:17:49', '2013-04-08 19:01:09', ''),
(1157, 28, '2013-04-08 14:18:24', '2013-04-08 19:19:56', ''),
(1158, 45, '2013-04-08 14:18:35', '2013-04-08 19:25:51', ''),
(1159, 19, '2013-04-08 14:38:11', '2013-04-09 07:08:56', ''),
(1160, 29, '2013-04-08 16:07:26', '2013-04-08 21:27:10', ''),
(1161, 15, '2013-04-08 17:08:14', '2013-04-09 17:00:45', ''),
(1162, 47, '2013-04-08 21:21:41', '2013-04-18 18:37:01', ''),
(1163, 30, '2013-04-08 21:28:13', '2013-04-09 12:05:59', ''),
(1164, 29, '2013-04-09 07:09:42', '2013-04-09 12:03:15', ''),
(1165, 45, '2013-04-09 07:09:57', '2013-04-09 12:04:00', ''),
(1166, 44, '2013-04-09 07:10:24', '2013-04-09 12:05:08', ''),
(1167, 31, '2013-04-09 07:12:31', '2013-04-09 12:04:50', ''),
(1168, 28, '2013-04-09 09:02:56', '2013-04-09 12:04:24', ''),
(1169, 19, '2013-04-09 12:03:29', '2013-04-09 12:03:37', ''),
(1170, 29, '2013-04-09 14:14:58', '2013-04-09 19:01:31', ''),
(1171, 31, '2013-04-09 14:15:15', '2013-04-09 19:10:58', ''),
(1172, 28, '2013-04-09 14:15:42', '2013-04-09 18:53:43', ''),
(1173, 45, '2013-04-09 14:17:04', '2013-04-12 07:57:34', ''),
(1174, 44, '2013-04-09 15:58:03', '2013-04-09 21:21:19', ''),
(1175, 19, '2013-04-09 16:15:55', '2013-04-09 21:31:29', ''),
(1176, 15, '2013-04-09 21:36:52', '2013-04-10 16:59:51', ''),
(1177, 19, '2013-04-10 08:01:19', '2013-04-10 14:19:20', ''),
(1178, 31, '2013-04-10 08:03:27', '2013-04-10 12:05:11', ''),
(1179, 28, '2013-04-10 08:06:39', '2013-04-10 12:04:04', ''),
(1180, 29, '2013-04-10 08:06:59', '2013-04-10 12:03:28', ''),
(1181, 44, '2013-04-10 08:07:25', '2013-04-10 12:02:04', ''),
(1182, 29, '2013-04-10 14:16:59', '2013-04-10 19:01:27', ''),
(1183, 31, '2013-04-10 14:17:27', '2013-04-10 19:03:06', ''),
(1184, 28, '2013-04-10 14:18:09', '2013-04-10 19:16:27', ''),
(1185, 19, '2013-04-10 14:19:29', '2013-04-13 07:39:22', ''),
(1186, 44, '2013-04-10 19:04:30', '2013-04-10 19:04:47', ''),
(1187, 15, '2013-04-10 21:28:34', '2013-04-11 16:55:44', ''),
(1188, 30, '2013-04-10 21:30:30', '2013-04-12 07:58:27', ''),
(1189, 29, '2013-04-11 08:10:49', '2013-04-11 12:05:20', ''),
(1190, 44, '2013-04-11 08:11:05', '2013-04-11 12:05:03', ''),
(1191, 31, '2013-04-11 08:11:41', '2013-04-11 12:04:41', ''),
(1192, 29, '2013-04-11 14:14:44', '2013-04-11 19:03:41', ''),
(1193, 31, '2013-04-11 14:15:05', '2013-04-11 14:15:48', ''),
(1194, 44, '2013-04-11 16:07:32', '2013-04-11 21:25:43', ''),
(1195, 31, '2013-04-11 19:04:01', '2013-04-11 19:04:08', ''),
(1196, 45, '2013-04-12 07:57:45', '2013-04-12 12:04:52', ''),
(1197, 29, '2013-04-12 07:59:49', '2013-04-12 12:02:34', ''),
(1198, 44, '2013-04-12 08:01:17', '2013-04-12 12:03:40', ''),
(1199, 36, '2013-04-12 08:04:09', '2013-04-12 12:04:12', ''),
(1200, 31, '2013-04-12 08:04:25', '2013-04-12 14:08:43', ''),
(1201, 28, '2013-04-12 08:06:52', '2013-04-12 12:03:01', ''),
(1202, 45, '2013-04-12 14:05:38', '2013-04-16 08:12:12', ''),
(1203, 29, '2013-04-12 14:05:56', '2013-04-12 19:10:52', ''),
(1204, 28, '2013-04-12 14:09:54', '2013-04-12 20:49:21', ''),
(1205, 44, '2013-04-12 15:46:15', '2013-04-16 08:06:02', ''),
(1206, 15, '2013-04-12 16:54:17', '2013-04-13 07:26:39', ''),
(1207, 49, '2013-04-12 18:30:27', NULL, ''),
(1208, 31, '2013-04-12 19:00:28', '2013-04-13 07:16:48', ''),
(1209, 29, '2013-04-13 07:09:25', '2013-04-13 12:20:59', ''),
(1210, 28, '2013-04-13 07:26:21', '2013-04-13 13:10:33', ''),
(1211, 15, '2013-04-13 11:48:43', '2013-04-15 17:00:06', ''),
(1212, 31, '2013-04-13 13:10:11', '2013-04-15 14:17:38', ''),
(1213, 28, '2013-04-15 14:18:22', '2013-04-16 08:07:42', ''),
(1214, 29, '2013-04-15 15:52:55', '2013-04-15 21:34:51', ''),
(1215, 41, '2013-04-15 18:21:42', '2013-04-18 18:00:36', ''),
(1216, 31, '2013-04-15 19:05:11', '2013-04-16 08:07:14', ''),
(1217, 29, '2013-04-16 08:04:59', '2013-04-16 14:20:27', ''),
(1218, 44, '2013-04-16 08:06:44', '2013-04-16 21:24:21', ''),
(1219, 45, '2013-04-16 08:12:51', '2013-04-16 19:22:11', ''),
(1220, 28, '2013-04-16 14:19:58', '2013-04-16 19:10:03', ''),
(1221, 29, '2013-04-16 14:20:33', '2013-04-16 19:02:58', ''),
(1222, 31, '2013-04-16 14:22:29', '2013-04-16 19:04:27', ''),
(1223, 26, '2013-04-16 18:00:03', '2013-04-19 18:00:19', ''),
(1224, 15, '2013-04-16 18:09:45', '2013-04-16 21:31:27', ''),
(1225, 44, '2013-04-16 21:24:58', '2013-04-16 21:26:03', ''),
(1226, 30, '2013-04-16 21:38:01', '2013-04-18 21:45:21', ''),
(1227, 29, '2013-04-17 08:10:43', '2013-04-17 12:05:35', ''),
(1228, 28, '2013-04-17 08:11:24', '2013-04-17 12:04:55', ''),
(1229, 31, '2013-04-17 08:11:48', '2013-04-17 12:05:20', ''),
(1230, 22, '2013-04-17 08:13:51', '2013-04-17 18:21:32', ''),
(1231, 19, '2013-04-17 08:18:19', '2013-04-17 11:59:30', ''),
(1232, 45, '2013-04-17 14:11:11', '2013-04-18 14:11:49', ''),
(1233, 28, '2013-04-17 14:12:59', '2013-04-17 21:30:52', ''),
(1234, 29, '2013-04-17 14:13:12', '2013-04-17 19:05:07', ''),
(1235, 31, '2013-04-17 14:14:10', '2013-04-17 19:01:38', ''),
(1236, 19, '2013-04-17 14:25:09', '2013-04-18 07:12:39', ''),
(1237, 15, '2013-04-17 16:59:28', '2013-04-17 21:35:28', ''),
(1238, 53, '2013-04-17 18:08:27', '2013-04-17 21:44:24', ''),
(1239, 40, '2013-04-17 18:17:20', '2013-04-17 21:40:43', ''),
(1240, 48, '2013-04-17 18:24:59', '2013-04-17 21:45:07', ''),
(1241, 2, '2013-04-17 21:29:30', '2013-04-24 17:57:19', ''),
(1242, 22, '2013-04-17 21:33:06', '2013-04-24 18:20:52', ''),
(1243, 28, '2013-04-18 07:11:17', '2013-04-18 19:24:03', ''),
(1244, 31, '2013-04-18 07:11:44', '2013-04-18 12:01:49', ''),
(1245, 29, '2013-04-18 07:12:00', '2013-04-18 12:02:31', ''),
(1246, 19, '2013-04-18 08:38:04', '2013-04-18 12:02:19', ''),
(1247, 29, '2013-04-18 14:11:21', '2013-04-18 19:05:53', ''),
(1248, 31, '2013-04-18 14:12:26', '2013-04-18 19:02:39', ''),
(1249, 19, '2013-04-18 16:38:45', '2013-04-19 08:11:30', ''),
(1250, 15, '2013-04-18 16:52:38', '2013-04-18 21:39:01', ''),
(1251, 54, '2013-04-18 17:43:35', '2013-04-18 21:44:18', ''),
(1252, 4, '2013-04-18 17:58:39', '2013-04-18 21:32:51', ''),
(1253, 41, '2013-04-18 18:00:46', '2013-05-16 18:29:42', ''),
(1254, 52, '2013-04-18 18:27:10', '2013-04-18 21:27:24', ''),
(1255, 14, '2013-04-18 18:29:34', '2013-04-18 21:15:33', ''),
(1256, 47, '2013-04-18 18:37:15', '2013-04-18 21:35:39', ''),
(1257, 45, '2013-04-18 19:24:15', '2013-04-19 08:08:51', ''),
(1258, 29, '2013-04-19 08:08:05', '2013-04-19 12:03:59', ''),
(1259, 31, '2013-04-19 08:08:27', '2013-04-19 12:02:10', ''),
(1260, 13, '2013-04-19 08:09:16', '2013-04-19 11:08:47', ''),
(1261, 45, '2013-04-19 08:09:36', '2013-04-23 08:03:17', ''),
(1262, 28, '2013-04-19 08:10:02', '2013-04-19 12:04:17', ''),
(1263, 44, '2013-04-19 08:10:32', '2013-04-19 12:02:24', ''),
(1264, 19, '2013-04-19 12:03:11', '2013-04-19 12:03:45', ''),
(1265, 29, '2013-04-19 14:12:15', '2013-04-19 19:07:17', ''),
(1266, 31, '2013-04-19 14:12:36', '2013-04-19 19:07:00', ''),
(1267, 28, '2013-04-19 16:08:09', '2013-04-19 21:16:23', ''),
(1268, 19, '2013-04-19 16:08:48', '2013-04-19 21:48:24', ''),
(1269, 44, '2013-04-19 16:13:49', '2013-04-19 21:36:24', ''),
(1270, 26, '2013-04-19 18:03:13', '2013-04-23 18:20:05', ''),
(1271, 40, '2013-04-19 18:15:57', '2013-04-19 21:48:01', ''),
(1272, 15, '2013-04-19 21:35:52', '2013-04-20 07:20:10', ''),
(1273, 55, '2013-04-19 21:41:45', '2013-04-19 21:41:52', ''),
(1274, 28, '2013-04-20 07:18:16', '2013-04-22 14:19:35', ''),
(1275, 31, '2013-04-20 07:18:41', '2013-04-22 14:24:38', ''),
(1276, 29, '2013-04-20 07:19:36', '2013-04-20 12:15:52', ''),
(1277, 19, '2013-04-20 07:31:36', '2013-04-22 14:25:12', ''),
(1278, 15, '2013-04-20 11:31:02', '2013-04-22 17:01:46', ''),
(1279, 19, '2013-04-22 14:25:18', '2013-04-22 14:25:26', ''),
(1280, 19, '2013-04-22 14:25:33', '2013-04-22 14:25:39', ''),
(1281, 29, '2013-04-22 15:53:55', '2013-04-22 21:25:33', ''),
(1282, 40, '2013-04-22 18:26:18', '2013-04-24 18:24:26', ''),
(1283, 14, '2013-04-22 18:33:43', '2013-04-23 18:31:09', ''),
(1284, 31, '2013-04-22 19:03:38', '2013-04-23 08:02:53', ''),
(1285, 28, '2013-04-22 19:59:07', '2013-04-23 08:11:11', ''),
(1286, 45, '2013-04-23 08:03:30', '2013-04-23 14:09:54', ''),
(1287, 29, '2013-04-23 08:11:25', '2013-04-23 12:04:58', ''),
(1288, 44, '2013-04-23 08:11:46', '2013-04-23 12:04:39', ''),
(1289, 19, '2013-04-23 08:22:53', '2013-04-23 16:24:27', ''),
(1290, 28, '2013-04-23 12:05:19', '2013-04-23 14:16:11', ''),
(1291, 31, '2013-04-23 12:05:55', '2013-04-23 14:10:42', ''),
(1292, 45, '2013-04-23 14:10:11', '2013-04-23 19:29:10', ''),
(1293, 29, '2013-04-23 14:13:16', '2013-04-23 18:59:30', ''),
(1294, 19, '2013-04-23 16:24:44', '2013-04-24 17:54:14', ''),
(1295, 56, '2013-04-23 18:25:52', '2013-04-24 18:18:45', ''),
(1296, 31, '2013-04-23 19:02:55', '2013-04-24 12:02:52', ''),
(1297, 28, '2013-04-23 21:08:39', '2013-04-24 12:03:44', ''),
(1298, 14, '2013-04-23 21:33:17', '2013-04-25 18:35:03', ''),
(1299, 29, '2013-04-24 14:01:20', '2013-04-24 14:02:39', ''),
(1300, 45, '2013-04-24 14:01:34', '2013-04-25 08:11:06', ''),
(1301, 31, '2013-04-24 14:02:02', '2013-04-24 19:06:32', ''),
(1302, 28, '2013-04-24 14:05:07', '2013-04-24 21:22:12', ''),
(1303, 48, '2013-04-24 17:35:52', '2013-04-24 21:39:31', ''),
(1304, 40, '2013-04-24 18:24:40', '2013-04-24 21:44:16', ''),
(1305, 29, '2013-04-24 19:03:18', '2013-04-24 19:03:30', ''),
(1306, 22, '2013-04-24 21:32:46', '2013-05-08 18:24:15', ''),
(1307, 56, '2013-04-24 21:34:01', '2013-05-08 18:23:33', ''),
(1308, 2, '2013-04-24 21:34:55', '2013-04-29 18:18:45', ''),
(1309, 30, '2013-04-24 21:36:21', '2013-05-03 21:45:30', ''),
(1310, 53, '2013-04-24 21:45:19', '2013-05-08 17:58:34', ''),
(1311, 29, '2013-04-25 08:10:10', '2013-04-25 12:01:41', ''),
(1312, 44, '2013-04-25 08:10:36', '2013-04-25 11:59:56', ''),
(1313, 19, '2013-04-25 08:12:42', '2013-04-25 14:49:03', ''),
(1314, 28, '2013-04-25 08:14:11', '2013-04-25 14:11:31', ''),
(1315, 31, '2013-04-25 08:20:53', '2013-04-25 12:02:53', ''),
(1316, 45, '2013-04-25 12:00:35', '2013-04-25 14:06:44', ''),
(1317, 29, '2013-04-25 14:07:11', '2013-04-25 19:01:36', ''),
(1318, 31, '2013-04-25 14:07:32', '2013-04-25 19:03:48', ''),
(1319, 28, '2013-04-25 14:49:55', '2013-04-25 19:11:34', ''),
(1320, 44, '2013-04-25 16:02:19', '2013-04-26 07:54:45', ''),
(1321, 4, '2013-04-25 17:45:30', '2013-04-25 21:33:37', ''),
(1322, 54, '2013-04-25 18:14:48', '2013-04-25 22:00:03', ''),
(1323, 52, '2013-04-25 18:20:10', '2013-05-02 18:34:55', ''),
(1324, 29, '2013-04-26 07:54:12', '2013-04-26 12:03:18', ''),
(1325, 44, '2013-04-26 07:55:00', '2013-05-03 08:14:02', ''),
(1326, 13, '2013-04-26 08:10:53', '2013-05-03 08:08:29', ''),
(1327, 28, '2013-04-26 08:11:21', '2013-04-26 12:03:05', ''),
(1328, 29, '2013-04-26 14:11:53', '2013-04-26 19:09:15', ''),
(1329, 31, '2013-04-26 14:13:12', '2013-04-26 19:02:48', ''),
(1330, 28, '2013-04-26 15:21:03', '2013-04-26 21:25:59', ''),
(1331, 15, '2013-04-26 16:52:16', '2013-04-26 21:26:27', ''),
(1332, 40, '2013-04-26 18:28:49', '2013-04-29 18:30:22', ''),
(1333, 26, '2013-04-26 18:31:59', '2013-04-30 18:31:57', ''),
(1334, 55, '2013-04-26 18:34:28', '2013-04-26 21:41:09', ''),
(1335, 31, '2013-04-27 07:17:17', '2013-04-27 13:02:16', ''),
(1336, 29, '2013-04-27 07:18:20', '2013-04-27 12:37:05', ''),
(1337, 19, '2013-04-27 07:19:54', '2013-04-27 13:00:24', ''),
(1338, 15, '2013-04-27 07:27:22', '2013-04-27 11:35:37', ''),
(1339, 28, '2013-04-27 07:53:38', '2013-04-27 14:12:45', ''),
(1340, 45, '2013-04-29 12:04:42', '2013-04-29 12:04:56', ''),
(1341, 28, '2013-04-29 12:05:17', '2013-04-29 14:09:59', ''),
(1342, 19, '2013-04-29 12:07:47', '2013-04-29 12:07:55', ''),
(1343, 45, '2013-04-29 14:09:08', '2013-04-29 19:22:34', ''),
(1344, 31, '2013-04-29 14:13:05', '2013-04-29 19:02:24', ''),
(1345, 19, '2013-04-29 14:35:57', '2013-04-30 08:07:11', ''),
(1346, 29, '2013-04-29 16:13:52', '2013-04-30 08:08:01', ''),
(1347, 15, '2013-04-29 17:00:33', '2013-04-29 21:29:33', ''),
(1348, 28, '2013-04-29 18:28:05', '2013-04-30 08:08:38', ''),
(1349, 14, '2013-04-29 18:39:01', '2013-04-29 21:37:17', ''),
(1350, 7, '2013-04-29 21:43:08', '2013-05-06 18:30:01', ''),
(1351, 40, '2013-04-29 21:50:00', '2013-05-03 18:31:38', ''),
(1352, 19, '2013-04-30 08:07:22', '2013-04-30 12:02:45', ''),
(1353, 31, '2013-04-30 08:07:45', '2013-04-30 12:02:33', ''),
(1354, 29, '2013-04-30 08:08:11', '2013-04-30 12:03:05', ''),
(1355, 45, '2013-04-30 12:03:20', '2013-04-30 14:06:57', ''),
(1356, 29, '2013-04-30 14:05:20', '2013-04-30 18:59:08', ''),
(1357, 31, '2013-04-30 14:05:42', '2013-04-30 19:04:27', ''),
(1358, 28, '2013-04-30 14:11:38', '2013-04-30 20:34:05', ''),
(1359, 19, '2013-04-30 15:46:31', '2013-05-02 08:20:16', ''),
(1360, 15, '2013-04-30 16:55:49', '2013-04-30 21:27:54', ''),
(1361, 23, '2013-04-30 18:40:38', '2013-05-14 18:23:14', ''),
(1362, 14, '2013-04-30 18:44:15', '2013-04-30 21:29:03', ''),
(1363, 45, '2013-04-30 19:34:17', '2013-05-03 08:13:35', ''),
(1364, 26, '2013-04-30 21:27:39', '2013-05-03 18:24:28', ''),
(1365, 19, '2013-05-02 08:20:24', '2013-05-02 16:38:53', ''),
(1366, 29, '2013-05-02 08:20:57', '2013-05-02 08:21:25', ''),
(1367, 31, '2013-05-02 08:21:45', '2013-05-02 12:02:01', ''),
(1368, 29, '2013-05-02 12:04:29', '2013-05-02 14:22:37', ''),
(1369, 28, '2013-05-02 12:12:01', '2013-05-02 14:23:23', ''),
(1370, 31, '2013-05-02 14:22:56', '2013-05-02 19:02:53', ''),
(1371, 19, '2013-05-02 16:39:01', '2013-05-02 21:19:55', ''),
(1372, 15, '2013-05-02 17:18:51', '2013-05-02 21:28:53', ''),
(1373, 4, '2013-05-02 17:45:48', '2013-05-02 21:32:21', ''),
(1374, 54, '2013-05-02 17:57:36', '2013-05-02 22:02:34', ''),
(1375, 14, '2013-05-02 18:34:31', '2013-05-02 21:24:04', ''),
(1376, 47, '2013-05-02 18:48:37', '2013-05-02 21:34:22', ''),
(1377, 29, '2013-05-02 19:01:15', '2013-05-03 08:08:44', ''),
(1378, 28, '2013-05-02 20:52:01', '2013-05-03 08:09:32', ''),
(1379, 52, '2013-05-02 21:28:02', '2013-05-02 21:28:18', ''),
(1380, 31, '2013-05-03 08:09:08', '2013-05-03 19:01:38', ''),
(1381, 19, '2013-05-03 08:09:50', '2013-05-03 11:59:31', ''),
(1382, 13, '2013-05-03 11:31:31', NULL, ''),
(1383, 45, '2013-05-03 11:59:04', '2013-05-06 08:19:30', ''),
(1384, 44, '2013-05-03 11:59:54', '2013-05-03 21:32:03', ''),
(1385, 29, '2013-05-03 12:02:26', '2013-05-03 19:00:15', ''),
(1386, 15, '2013-05-03 17:00:23', '2013-05-03 21:31:01', ''),
(1387, 55, '2013-05-03 18:21:01', '2013-05-03 21:43:40', ''),
(1388, 28, '2013-05-03 21:32:42', '2013-05-04 07:31:22', ''),
(1389, 40, '2013-05-03 21:36:30', '2013-05-06 18:24:57', ''),
(1390, 29, '2013-05-04 07:31:49', '2013-05-04 12:37:05', ''),
(1391, 19, '2013-05-04 07:35:09', '2013-05-06 12:02:49', ''),
(1392, 15, '2013-05-04 11:35:37', '2013-05-06 17:00:34', ''),
(1393, 55, '2013-05-04 14:13:42', '2013-05-10 18:51:50', ''),
(1394, 31, '2013-05-04 16:48:05', '2013-05-06 08:16:54', ''),
(1395, 29, '2013-05-06 08:16:17', '2013-05-06 12:03:48', ''),
(1396, 28, '2013-05-06 08:16:31', '2013-05-06 12:03:34', ''),
(1397, 45, '2013-05-06 08:19:43', '2013-05-09 07:56:37', ''),
(1398, 31, '2013-05-06 14:09:42', '2013-05-06 14:15:46', ''),
(1399, 28, '2013-05-06 14:10:06', '2013-05-06 21:50:54', ''),
(1400, 29, '2013-05-06 15:59:07', '2013-05-06 21:50:33', ''),
(1401, 14, '2013-05-06 18:36:28', '2013-05-06 21:43:22', ''),
(1402, 31, '2013-05-06 19:02:40', '2013-05-08 14:12:32', ''),
(1403, 15, '2013-05-06 21:41:41', '2013-05-09 16:11:37', ''),
(1404, 7, '2013-05-06 21:42:40', '2013-05-20 18:22:56', ''),
(1405, 28, '2013-05-08 14:12:59', '2013-05-08 21:19:26', ''),
(1406, 29, '2013-05-08 14:13:28', '2013-05-09 07:59:56', ''),
(1407, 48, '2013-05-08 17:46:01', '2013-05-15 18:12:57', ''),
(1408, 2, '2013-05-08 18:15:50', '2013-05-08 21:31:15', ''),
(1409, 40, '2013-05-08 18:30:33', '2013-05-08 21:43:22', ''),
(1410, 22, '2013-05-08 21:14:00', '2013-05-22 11:05:45', ''),
(1411, 56, '2013-05-08 21:21:50', '2013-05-14 18:42:13', ''),
(1412, 53, '2013-05-08 21:43:48', '2013-05-15 18:07:32', ''),
(1413, 45, '2013-05-09 07:56:55', '2013-05-16 08:13:41', ''),
(1414, 29, '2013-05-09 08:00:09', '2013-05-11 07:17:15', ''),
(1415, 4, '2013-05-09 17:54:09', '2013-05-16 18:07:20', ''),
(1416, 52, '2013-05-09 18:39:16', '2013-05-16 18:31:11', ''),
(1417, 47, '2013-05-09 18:48:55', '2013-05-16 18:55:35', ''),
(1418, 15, '2013-05-10 17:00:20', '2013-05-10 21:28:39', ''),
(1419, 40, '2013-05-10 18:15:06', '2013-05-10 21:44:39', ''),
(1420, 26, '2013-05-10 18:39:32', '2013-05-10 21:02:40', ''),
(1421, 55, '2013-05-10 18:52:02', '2013-05-10 21:40:26', ''),
(1422, 30, '2013-05-10 21:45:35', '2013-05-15 12:00:01', ''),
(1423, 28, '2013-05-11 07:19:42', '2013-05-11 13:00:58', ''),
(1424, 19, '2013-05-11 07:19:54', '2013-05-14 08:16:47', ''),
(1425, 15, '2013-05-11 07:24:16', '2013-05-11 11:24:03', ''),
(1426, 29, '2013-05-14 08:12:16', '2013-05-14 14:09:51', ''),
(1427, 28, '2013-05-14 08:14:44', '2013-05-14 14:15:30', ''),
(1428, 31, '2013-05-14 08:15:25', '2013-05-14 14:09:33', ''),
(1429, 44, '2013-05-14 08:16:18', '2013-05-14 16:03:37', ''),
(1430, 19, '2013-05-14 08:16:57', '2013-05-14 16:10:20', ''),
(1431, 15, '2013-05-14 14:52:42', '2013-05-15 17:07:04', ''),
(1432, 29, '2013-05-14 19:01:28', '2013-05-15 14:10:49', ''),
(1433, 31, '2013-05-14 19:04:36', '2013-05-14 19:05:19', ''),
(1434, 28, '2013-05-14 19:09:21', '2013-05-15 12:03:58', ''),
(1435, 56, '2013-05-14 21:17:00', '2013-05-15 18:44:36', ''),
(1436, 19, '2013-05-15 08:14:12', '2013-05-15 11:59:45', ''),
(1437, 44, '2013-05-15 11:59:34', '2013-05-15 21:35:55', ''),
(1438, 29, '2013-05-15 14:11:09', '2013-05-15 19:02:46', ''),
(1439, 19, '2013-05-15 14:35:32', '2013-05-15 18:05:22', ''),
(1440, 53, '2013-05-15 18:12:28', '2013-05-15 21:42:23', ''),
(1441, 48, '2013-05-15 18:32:47', '2013-05-15 21:47:12', ''),
(1442, 2, '2013-05-15 18:33:25', '2013-05-15 21:45:23', ''),
(1443, 31, '2013-05-15 19:04:46', '2013-05-15 19:05:11', ''),
(1444, 56, '2013-05-15 21:24:01', '2013-05-21 17:47:55', ''),
(1445, 15, '2013-05-15 21:26:41', '2013-05-16 16:56:15', ''),
(1446, 19, '2013-05-16 08:13:18', '2013-05-16 16:08:58', ''),
(1447, 29, '2013-05-16 14:02:42', '2013-05-17 08:03:49', ''),
(1448, 44, '2013-05-16 14:08:53', '2013-05-16 19:04:59', ''),
(1449, 54, '2013-05-16 18:29:19', '2013-05-23 18:26:14', ''),
(1450, 14, '2013-05-16 18:37:35', '2013-05-16 21:23:33', ''),
(1451, 4, '2013-05-16 21:27:38', '2013-05-23 18:18:52', ''),
(1452, 52, '2013-05-16 21:27:58', '2013-05-23 18:45:51', ''),
(1453, 15, '2013-05-16 21:34:56', '2013-05-17 17:19:43', ''),
(1454, 47, '2013-05-16 21:37:04', '2013-05-18 13:10:13', ''),
(1455, 41, '2013-05-16 21:37:25', '2013-05-17 18:10:41', ''),
(1456, 19, '2013-05-17 08:03:27', '2013-05-17 11:53:18', ''),
(1457, 31, '2013-05-17 08:04:09', '2013-05-17 14:05:24', ''),
(1458, 44, '2013-05-17 08:05:48', '2013-05-17 12:04:32', ''),
(1459, 28, '2013-05-17 08:10:35', '2013-05-21 08:03:34', ''),
(1460, 29, '2013-05-17 14:05:12', '2013-05-17 19:03:51', ''),
(1461, 31, '2013-05-17 14:05:35', '2013-05-17 19:02:03', ''),
(1462, 44, '2013-05-17 15:55:42', '2013-05-21 08:05:46', ''),
(1463, 19, '2013-05-17 17:19:26', '2013-05-18 07:35:05', ''),
(1464, 55, '2013-05-17 18:40:59', '2013-05-24 18:22:49', ''),
(1465, 40, '2013-05-17 18:42:49', '2013-05-20 18:07:02', ''),
(1466, 15, '2013-05-17 18:57:18', '2013-05-18 07:30:18', ''),
(1467, 41, '2013-05-17 21:33:46', NULL, ''),
(1468, 19, '2013-05-18 07:35:12', '2013-05-20 17:25:47', ''),
(1469, 15, '2013-05-18 11:42:15', '2013-05-20 17:00:28', ''),
(1470, 14, '2013-05-18 14:10:24', '2013-05-20 18:39:37', ''),
(1471, 40, '2013-05-20 18:07:13', '2013-05-20 21:38:24', ''),
(1472, 7, '2013-05-20 18:23:07', '2013-05-20 21:43:47', ''),
(1473, 47, '2013-05-20 19:08:20', '2013-05-20 21:44:13', ''),
(1474, 15, '2013-05-20 21:31:39', '2013-05-22 17:01:08', ''),
(1475, 14, '2013-05-20 21:42:29', '2013-07-30 18:31:45', ''),
(1476, 31, '2013-05-21 08:03:56', '2013-05-21 14:18:01', ''),
(1477, 29, '2013-05-21 08:04:26', '2013-05-21 14:18:24', ''),
(1478, 19, '2013-05-21 08:29:55', '2013-05-21 16:05:46', ''),
(1479, 28, '2013-05-21 14:15:35', '2013-05-22 08:12:18', ''),
(1480, 45, '2013-05-21 14:22:26', '2013-05-22 14:10:45', ''),
(1481, 44, '2013-05-21 16:05:09', '2013-07-29 08:00:25', ''),
(1482, 19, '2013-05-21 16:06:04', '2013-05-22 07:36:50', ''),
(1483, 26, '2013-05-21 18:27:01', NULL, ''),
(1484, 23, '2013-05-21 18:30:20', '2013-05-28 18:18:57', ''),
(1485, 56, '2013-05-21 21:23:22', '2013-05-28 18:16:12', ''),
(1486, 31, '2013-05-22 08:12:06', '2013-05-22 12:02:15', ''),
(1487, 29, '2013-05-22 08:13:56', '2013-05-22 12:03:09', ''),
(1488, 28, '2013-05-22 12:02:53', '2013-05-22 14:10:11', ''),
(1489, 29, '2013-05-22 14:11:00', '2013-05-22 19:02:34', ''),
(1490, 19, '2013-05-22 14:32:19', '2013-05-23 11:58:30', ''),
(1491, 53, '2013-05-22 17:40:56', '2013-05-29 18:30:27', ''),
(1492, 48, '2013-05-22 18:06:13', '2013-05-29 18:50:35', ''),
(1493, 22, '2013-05-22 18:19:55', '2013-05-22 21:30:26', ''),
(1494, 40, '2013-05-22 18:25:17', '2013-05-22 21:37:40', ''),
(1495, 2, '2013-05-22 18:46:52', '2013-05-29 18:29:31', ''),
(1496, 31, '2013-05-22 19:03:09', '2013-05-23 12:00:55', ''),
(1497, 28, '2013-05-22 21:26:25', '2013-05-23 20:02:45', ''),
(1498, 15, '2013-05-22 21:36:35', '2013-05-23 17:02:44', ''),
(1499, 19, '2013-05-23 16:37:28', '2013-05-24 16:39:54', ''),
(1500, 15, '2013-05-23 21:33:04', '2013-05-24 17:04:54', ''),
(1501, 4, '2013-05-23 21:35:50', '2013-06-06 18:23:17', ''),
(1502, 54, '2013-05-23 21:44:34', '2013-05-30 18:21:09', ''),
(1503, 28, '2013-05-24 14:09:56', '2013-05-24 14:10:11', ''),
(1504, 31, '2013-05-24 14:10:32', '2013-05-24 19:07:00', ''),
(1505, 29, '2013-05-24 14:10:46', '2013-05-27 15:54:26', ''),
(1506, 55, '2013-05-24 18:23:00', '2013-05-24 21:40:01', ''),
(1507, 40, '2013-05-24 18:42:26', '2013-05-24 21:53:00', ''),
(1508, 28, '2013-05-24 21:22:32', '2013-05-25 07:21:28', ''),
(1509, 15, '2013-05-24 21:40:26', '2013-05-25 07:20:56', ''),
(1510, 31, '2013-05-25 07:22:16', '2013-05-28 14:20:26', ''),
(1511, 15, '2013-05-25 11:42:44', '2013-05-27 16:57:54', ''),
(1512, 29, '2013-05-27 15:54:38', '2013-05-28 14:19:56', ''),
(1513, 7, '2013-05-27 18:20:03', '2013-06-17 18:25:12', ''),
(1514, 40, '2013-05-27 18:30:49', '2013-05-29 18:25:56', ''),
(1515, 47, '2013-05-27 18:57:52', '2013-06-06 18:49:05', ''),
(1516, 28, '2013-05-28 14:19:21', '2013-05-29 21:36:48', ''),
(1517, 45, '2013-05-28 14:20:56', '2013-05-29 14:07:25', ''),
(1518, 19, '2013-05-28 16:10:23', '2013-05-29 12:00:58', ''),
(1519, 15, '2013-05-28 17:00:58', '2013-05-28 21:30:40', ''),
(1520, 45, '2013-05-29 14:07:41', '2013-07-30 08:18:32', ''),
(1521, 19, '2013-05-29 14:54:22', '2013-05-30 16:27:50', ''),
(1522, 15, '2013-05-29 16:55:39', '2013-05-29 21:32:04', ''),
(1523, 56, '2013-05-29 18:05:25', '2013-05-29 21:14:54', ''),
(1524, 22, '2013-05-29 18:24:08', '2013-05-29 21:34:41', ''),
(1525, 40, '2013-05-29 18:26:07', '2013-05-29 21:51:14', ''),
(1526, 2, '2013-05-29 18:29:44', '2013-05-29 21:24:32', ''),
(1527, 53, '2013-05-29 18:30:36', '2013-06-05 18:25:26', ''),
(1528, 48, '2013-05-29 21:50:06', '2013-06-05 18:32:14', ''),
(1529, 29, '2013-05-30 14:05:43', '2013-06-04 08:55:53', ''),
(1530, 15, '2013-05-30 17:12:13', '2013-05-30 21:37:32', ''),
(1531, 52, '2013-05-30 18:10:20', '2013-05-30 20:55:32', ''),
(1532, 28, '2013-05-30 19:22:59', '2013-05-31 21:21:45', ''),
(1533, 15, '2013-05-31 17:07:15', '2013-05-31 21:26:39', ''),
(1534, 55, '2013-05-31 17:35:36', '2013-06-14 18:35:38', ''),
(1535, 40, '2013-05-31 18:36:32', '2013-06-05 18:36:02', ''),
(1536, 31, '2013-05-31 19:02:13', '2013-06-17 08:11:02', ''),
(1537, 15, '2013-06-01 07:40:54', '2013-06-01 12:31:45', ''),
(1538, 19, '2013-06-04 08:55:31', '2013-06-04 16:41:57', ''),
(1539, 56, '2013-06-04 18:31:27', '2013-06-05 17:56:17', ''),
(1540, 15, '2013-06-05 17:00:54', '2013-06-05 21:45:06', ''),
(1541, 22, '2013-06-05 18:29:24', '2013-06-05 21:37:25', ''),
(1542, 2, '2013-06-05 18:30:11', '2013-06-05 21:43:32', ''),
(1543, 28, '2013-06-05 18:49:58', '2013-06-06 14:12:15', ''),
(1544, 56, '2013-06-05 20:56:36', '2013-06-11 18:17:26', ''),
(1545, 53, '2013-06-05 21:42:13', '2013-06-12 21:25:16', ''),
(1546, 48, '2013-06-05 21:44:32', NULL, ''),
(1547, 29, '2013-06-06 13:56:58', '2013-06-19 19:00:43', ''),
(1548, 19, '2013-06-06 16:15:13', '2013-06-11 07:32:40', ''),
(1549, 15, '2013-06-06 16:56:50', '2013-06-06 21:29:53', ''),
(1550, 54, '2013-06-06 18:23:34', '2013-06-06 21:41:29', ''),
(1551, 52, '2013-06-06 18:33:16', '2013-06-06 21:36:20', ''),
(1552, 4, '2013-06-06 21:46:58', '2013-07-30 17:45:38', ''),
(1553, 15, '2013-06-07 16:58:11', '2013-06-08 13:00:32', ''),
(1554, 40, '2013-06-07 18:20:59', '2013-08-08 18:38:59', ''),
(1555, 28, '2013-06-11 08:17:28', '2013-06-11 14:29:09', ''),
(1556, 15, '2013-06-11 16:56:54', '2013-06-12 17:05:51', ''),
(1557, 28, '2013-06-12 14:18:17', '2013-06-15 13:11:33', ''),
(1558, 56, '2013-06-12 20:41:25', '2013-06-15 13:32:15', ''),
(1559, 15, '2013-06-12 21:27:49', '2013-06-13 21:43:10', ''),
(1560, 28, '2013-06-17 08:08:59', '2013-06-17 14:16:14', ''),
(1561, 31, '2013-06-17 14:11:08', '2013-06-18 08:03:03', ''),
(1562, 15, '2013-06-17 17:04:47', '2013-06-17 21:36:44', ''),
(1563, 47, '2013-06-17 18:55:54', '2013-06-17 21:18:02', ''),
(1564, 15, '2013-06-18 18:01:49', '2013-06-19 18:05:58', ''),
(1565, 53, '2013-06-19 18:27:44', '2013-06-19 19:48:46', ''),
(1566, 31, '2013-06-19 19:03:50', '2013-07-29 08:02:01', ''),
(1567, 28, '2013-06-20 14:14:59', '2013-06-26 18:59:54', ''),
(1568, 15, '2013-06-20 17:06:05', '2013-06-21 17:00:44', ''),
(1569, 15, '2013-06-21 20:15:23', '2013-06-24 16:58:36', ''),
(1570, 15, '2013-06-24 20:30:42', '2013-06-25 18:22:02', ''),
(1571, 15, '2013-06-25 21:06:23', '2013-06-26 17:04:29', ''),
(1572, 15, '2013-06-28 17:03:46', '2013-07-02 17:10:41', ''),
(1573, 28, '2013-07-02 19:18:50', '2013-07-04 19:23:44', ''),
(1574, 15, '2013-07-03 17:07:44', '2013-07-29 17:26:58', ''),
(1575, 29, '2013-07-29 07:59:27', '2013-07-29 07:59:56', ''),
(1576, 57, '2013-07-29 08:01:13', '2013-07-29 12:03:35', ''),
(1577, 30, '2013-07-29 08:03:18', '2013-07-29 12:04:42', ''),
(1578, 28, '2013-07-29 08:10:47', '2013-07-29 12:08:23', ''),
(1579, 44, '2013-07-29 12:02:33', '2013-07-29 16:04:11', ''),
(1580, 31, '2013-07-29 12:03:12', '2013-07-31 08:13:24', ''),
(1581, 29, '2013-07-29 12:08:03', '2013-07-29 14:13:41', ''),
(1582, 28, '2013-07-29 14:15:27', '2013-07-29 14:22:47', ''),
(1583, 30, '2013-07-29 16:15:03', '2013-07-30 08:04:06', ''),
(1584, 57, '2013-07-29 19:10:55', '2013-07-30 06:46:45', ''),
(1585, 15, '2013-07-29 21:31:09', '2013-07-30 17:01:53', ''),
(1586, 28, '2013-07-29 21:42:25', '2013-07-30 08:09:47', ''),
(1587, 44, '2013-07-29 21:43:32', '2013-07-30 08:07:15', ''),
(1588, 19, '2013-07-30 06:46:28', '2013-07-30 16:59:11', ''),
(1589, 57, '2013-07-30 06:46:53', '2013-07-30 10:59:23', ''),
(1590, 36, '2013-07-30 07:45:09', '2013-07-30 21:40:05', ''),
(1591, 58, '2013-07-30 08:03:13', '2013-07-30 11:04:10', ''),
(1592, 29, '2013-07-30 08:06:57', '2013-07-30 12:03:32', ''),
(1593, 44, '2013-07-30 08:07:22', '2013-07-30 12:00:30', ''),
(1594, 45, '2013-07-30 08:18:44', '2013-07-30 12:03:14', ''),
(1595, 28, '2013-07-30 12:03:57', '2013-07-30 14:14:14', ''),
(1596, 30, '2013-07-30 12:08:58', '2013-07-30 17:09:19', ''),
(1597, 45, '2013-07-30 14:05:16', '2013-07-31 08:11:14', ''),
(1598, 29, '2013-07-30 14:05:37', '2013-07-30 19:02:54', ''),
(1599, 57, '2013-07-30 14:21:52', '2013-07-31 08:57:16', ''),
(1600, 44, '2013-07-30 15:55:49', '2013-07-30 21:30:19', ''),
(1601, 19, '2013-07-30 16:59:22', '2013-07-31 11:59:59', ''),
(1602, 4, '2013-07-30 17:46:02', '2013-07-30 21:32:35', ''),
(1603, 2, '2013-07-30 18:36:05', '2013-07-30 21:36:07', ''),
(1604, 28, '2013-07-30 21:26:56', '2013-07-31 08:14:37', ''),
(1605, 15, '2013-07-30 21:29:00', '2013-07-31 17:11:49', ''),
(1606, 30, '2013-07-30 21:31:22', '2013-08-01 08:04:07', ''),
(1607, 14, '2013-07-30 21:39:18', '2013-07-30 21:39:35', ''),
(1608, 29, '2013-07-31 08:09:19', '2013-07-31 12:02:54', ''),
(1609, 44, '2013-07-31 08:09:46', '2013-07-31 12:03:26', ''),
(1610, 36, '2013-07-31 12:00:23', '2013-07-31 12:00:49', ''),
(1611, 31, '2013-07-31 12:01:12', '2013-07-31 12:01:31', ''),
(1612, 57, '2013-07-31 12:01:59', '2013-07-31 12:02:20', ''),
(1613, 45, '2013-07-31 12:02:41', '2013-07-31 13:56:32', ''),
(1614, 28, '2013-07-31 12:03:12', '2013-07-31 14:10:47', ''),
(1615, 29, '2013-07-31 14:00:05', '2013-07-31 19:04:57', ''),
(1616, 31, '2013-07-31 14:10:15', '2013-07-31 19:08:27', ''),
(1617, 19, '2013-07-31 14:23:02', '2013-08-02 07:39:12', ''),
(1618, 57, '2013-07-31 14:53:13', '2013-07-31 18:59:57', ''),
(1619, 28, '2013-07-31 19:05:15', '2013-08-01 08:11:45', ''),
(1620, 15, '2013-07-31 21:35:20', '2013-08-01 17:59:03', ''),
(1621, 44, '2013-07-31 21:42:49', '2013-07-31 21:43:42', ''),
(1622, 44, '2013-08-01 08:04:31', '2013-08-01 12:01:53', ''),
(1623, 29, '2013-08-01 08:04:53', '2013-08-01 12:03:20', ''),
(1624, 57, '2013-08-01 08:05:17', '2013-08-01 12:02:48', ''),
(1625, 45, '2013-08-01 08:05:40', '2013-08-01 12:03:05', ''),
(1626, 36, '2013-08-01 08:06:24', '2013-08-01 12:04:04', ''),
(1627, 28, '2013-08-01 12:03:35', '2013-08-01 14:15:47', ''),
(1628, 31, '2013-08-01 12:04:20', '2013-08-02 14:28:14', ''),
(1629, 45, '2013-08-01 14:12:33', '2013-08-01 18:42:09', ''),
(1630, 29, '2013-08-01 14:15:08', '2013-08-02 08:06:06', ''),
(1631, 57, '2013-08-01 15:37:46', '2013-08-01 15:38:29', ''),
(1632, 44, '2013-08-01 16:00:15', '2013-08-01 21:39:30', ''),
(1633, 14, '2013-08-01 18:29:53', '2013-08-01 21:23:34', ''),
(1634, 57, '2013-08-01 21:37:25', '2013-08-02 07:23:27', ''),
(1635, 15, '2013-08-01 21:38:25', '2013-08-02 17:11:55', ''),
(1636, 28, '2013-08-01 21:43:03', '2013-08-02 08:08:32', ''),
(1637, 57, '2013-08-02 07:23:57', '2013-08-02 12:04:33', ''),
(1638, 19, '2013-08-02 07:39:20', '2013-08-02 12:43:17', ''),
(1639, 45, '2013-08-02 08:05:01', '2013-08-02 12:02:47', ''),
(1640, 29, '2013-08-02 08:06:17', '2013-08-02 12:03:38', ''),
(1641, 30, '2013-08-02 08:19:52', '2013-08-02 12:01:42', ''),
(1642, 44, '2013-08-02 12:02:25', '2013-08-02 12:03:18', ''),
(1643, 36, '2013-08-02 12:05:04', '2013-08-09 08:05:11', ''),
(1644, 28, '2013-08-02 12:05:29', '2013-08-02 14:14:44', ''),
(1645, 45, '2013-08-02 14:14:11', '2013-08-02 18:34:41', ''),
(1646, 29, '2013-08-02 14:14:24', '2013-08-02 19:04:23', ''),
(1647, 57, '2013-08-02 14:31:38', '2013-08-03 13:15:46', ''),
(1648, 19, '2013-08-02 16:55:19', '2013-08-02 21:35:09', ''),
(1649, 30, '2013-08-02 16:55:48', '2013-08-05 17:14:22', ''),
(1650, 2, '2013-08-02 18:01:24', '2013-08-02 21:21:31', ''),
(1651, 23, '2013-08-02 18:11:28', '2013-08-08 18:16:47', ''),
(1652, 60, '2013-08-02 18:14:39', '2013-08-02 21:23:15', ''),
(1653, 31, '2013-08-02 19:01:22', '2013-08-02 19:01:40', ''),
(1654, 28, '2013-08-02 19:03:09', '2013-08-05 08:13:28', ''),
(1655, 44, '2013-08-02 21:22:26', '2013-08-05 08:12:06', ''),
(1656, 15, '2013-08-02 21:35:35', '2013-08-05 17:13:59', ''),
(1657, 57, '2013-08-03 13:15:58', '2013-08-05 09:48:22', ''),
(1658, 2, '2013-08-03 14:06:33', '2013-08-05 18:30:49', ''),
(1659, 19, '2013-08-05 08:10:48', '2013-08-05 18:02:22', ''),
(1660, 29, '2013-08-05 08:11:21', '2013-08-05 12:01:14', ''),
(1661, 45, '2013-08-05 08:12:32', '2013-08-05 12:00:37', ''),
(1662, 57, '2013-08-05 09:48:31', '2013-08-05 12:01:39', ''),
(1663, 28, '2013-08-05 12:00:56', '2013-08-05 14:20:19', ''),
(1664, 44, '2013-08-05 12:02:03', '2013-08-05 16:08:49', ''),
(1665, 45, '2013-08-05 14:18:41', '2013-08-05 19:22:18', ''),
(1666, 29, '2013-08-05 14:18:56', '2013-08-05 19:06:51', ''),
(1667, 31, '2013-08-05 14:19:23', '2013-08-05 19:00:04', ''),
(1668, 57, '2013-08-05 14:41:41', '2013-08-05 19:24:21', ''),
(1669, 61, '2013-08-05 17:27:59', '2013-08-05 21:38:28', ''),
(1670, 2, '2013-08-05 18:40:22', '2013-08-06 18:24:49', ''),
(1671, 28, '2013-08-05 21:32:19', '2013-08-06 08:13:57', ''),
(1672, 15, '2013-08-05 21:40:41', '2013-08-05 21:41:10', ''),
(1673, 19, '2013-08-06 08:08:04', '2013-08-06 17:10:24', ''),
(1674, 58, '2013-08-06 08:08:21', '2013-08-06 11:09:47', ''),
(1675, 31, '2013-08-06 08:08:46', '2013-08-06 12:01:13', ''),
(1676, 29, '2013-08-06 08:09:34', '2013-08-06 12:02:31', ''),
(1677, 45, '2013-08-06 08:09:54', '2013-08-06 12:02:12', ''),
(1678, 44, '2013-08-06 08:12:23', '2013-08-06 12:00:09', ''),
(1679, 57, '2013-08-06 08:12:44', '2013-08-06 12:00:51', ''),
(1680, 28, '2013-08-06 14:03:31', '2013-08-06 14:10:48', ''),
(1681, 45, '2013-08-06 14:03:43', '2013-08-08 08:00:52', ''),
(1682, 29, '2013-08-06 14:03:55', '2013-08-06 18:59:46', ''),
(1683, 57, '2013-08-06 14:34:07', '2013-08-08 07:40:50', ''),
(1684, 19, '2013-08-06 17:10:36', '2013-08-06 21:45:07', ''),
(1685, 4, '2013-08-06 18:11:55', '2013-08-09 17:41:16', ''),
(1686, 14, '2013-08-06 18:29:42', '2013-08-06 21:34:19', ''),
(1687, 31, '2013-08-06 19:03:22', '2013-08-08 08:04:38', ''),
(1688, 15, '2013-08-06 21:34:51', '2013-08-06 21:35:04', ''),
(1689, 2, '2013-08-06 21:40:07', '2013-08-09 18:26:56', ''),
(1690, 19, '2013-08-08 07:40:29', '2013-08-08 16:33:51', ''),
(1691, 57, '2013-08-08 07:40:56', '2013-08-08 12:00:40', ''),
(1692, 17, '2013-08-08 07:49:07', '2013-08-08 11:05:41', ''),
(1693, 45, '2013-08-08 08:00:59', '2013-08-08 12:02:06', ''),
(1694, 31, '2013-08-08 08:04:44', '2013-08-08 12:01:09', ''),
(1695, 29, '2013-08-08 08:05:42', '2013-08-08 12:00:16', ''),
(1696, 44, '2013-08-08 08:06:05', '2013-08-08 11:59:56', ''),
(1697, 28, '2013-08-08 08:10:31', '2013-08-08 12:02:24', ''),
(1698, 31, '2013-08-08 12:01:42', '2013-08-08 14:10:11', ''),
(1699, 28, '2013-08-08 14:06:55', '2013-08-09 08:10:36', ''),
(1700, 29, '2013-08-08 14:09:52', '2013-08-08 19:02:55', ''),
(1701, 57, '2013-08-08 14:33:40', '2013-08-09 07:50:46', ''),
(1702, 19, '2013-08-08 16:33:58', '2013-08-09 07:15:52', '');
INSERT INTO `asistencias` (`id`, `usuario_id`, `entrada`, `salida`, `comentarios`) VALUES
(1703, 15, '2013-08-08 17:13:29', '2013-08-08 21:41:10', ''),
(1704, 14, '2013-08-08 18:34:31', '2013-08-08 21:42:54', ''),
(1705, 42, '2013-08-08 18:36:03', '2013-08-15 18:51:41', ''),
(1706, 40, '2013-08-08 18:39:09', '2013-08-08 21:51:19', ''),
(1707, 19, '2013-08-09 07:16:05', '2013-08-09 12:01:13', ''),
(1708, 57, '2013-08-09 07:51:00', '2013-08-09 12:05:03', ''),
(1709, 36, '2013-08-09 08:05:22', '2013-08-10 07:01:42', ''),
(1710, 31, '2013-08-09 08:05:43', '2013-08-09 12:04:18', ''),
(1711, 29, '2013-08-09 08:06:58', '2013-08-09 12:06:41', ''),
(1712, 44, '2013-08-09 08:07:18', '2013-08-09 12:04:39', ''),
(1713, 28, '2013-08-09 12:07:13', '2013-08-09 14:01:06', ''),
(1714, 29, '2013-08-09 14:00:46', '2013-08-09 19:00:50', ''),
(1715, 31, '2013-08-09 14:01:36', '2013-08-09 19:04:02', ''),
(1716, 57, '2013-08-09 14:48:16', '2013-08-09 21:00:45', ''),
(1717, 19, '2013-08-09 16:38:47', '2013-08-10 07:20:30', ''),
(1718, 15, '2013-08-09 17:22:58', '2013-08-09 21:34:21', ''),
(1719, 23, '2013-08-09 18:11:45', '2013-08-15 18:52:01', ''),
(1720, 60, '2013-08-09 18:14:41', '2013-08-09 21:22:50', ''),
(1721, 28, '2013-08-09 19:06:04', '2013-08-10 07:36:00', ''),
(1722, 2, '2013-08-09 21:23:49', '2013-08-12 18:17:40', ''),
(1723, 57, '2013-08-10 06:57:56', '2013-08-12 08:19:22', ''),
(1724, 29, '2013-08-10 06:58:13', '2013-08-10 13:07:39', ''),
(1725, 17, '2013-08-10 07:09:24', '2013-08-15 08:22:46', ''),
(1726, 19, '2013-08-10 07:21:17', '2013-08-12 08:22:37', ''),
(1727, 15, '2013-08-10 07:32:03', '2013-08-10 11:48:34', ''),
(1728, 31, '2013-08-10 07:37:07', '2013-08-12 08:21:01', ''),
(1729, 28, '2013-08-10 13:04:52', '2013-08-12 08:18:58', ''),
(1730, 57, '2013-08-12 08:19:39', '2013-08-12 12:17:50', ''),
(1731, 44, '2013-08-12 08:20:41', '2013-08-12 12:04:20', ''),
(1732, 29, '2013-08-12 08:21:20', '2013-08-12 12:03:25', ''),
(1733, 19, '2013-08-12 08:22:48', '2013-08-12 12:04:52', ''),
(1734, 45, '2013-08-12 12:02:28', '2013-08-12 12:02:36', ''),
(1735, 31, '2013-08-12 12:02:59', '2013-08-12 12:03:07', ''),
(1736, 28, '2013-08-12 12:03:53', '2013-08-12 14:11:16', ''),
(1737, 45, '2013-08-12 12:59:01', '2013-08-12 19:09:52', ''),
(1738, 29, '2013-08-12 14:02:11', '2013-08-12 19:00:57', ''),
(1739, 57, '2013-08-12 14:08:30', '2013-08-13 08:10:38', ''),
(1740, 31, '2013-08-12 14:09:27', '2013-08-13 08:14:46', ''),
(1741, 15, '2013-08-12 16:59:59', '2013-08-13 17:10:54', ''),
(1742, 61, '2013-08-12 18:13:47', '2013-08-26 18:33:31', ''),
(1743, 2, '2013-08-12 18:17:58', '2013-08-13 18:24:26', ''),
(1744, 24, '2013-08-12 18:23:15', '2013-08-26 18:33:10', ''),
(1745, 57, '2013-08-13 08:10:51', '2013-08-13 12:02:27', ''),
(1746, 45, '2013-08-13 08:11:06', '2013-08-13 12:03:30', ''),
(1747, 28, '2013-08-13 08:11:24', '2013-08-13 12:03:10', ''),
(1748, 29, '2013-08-13 08:11:40', '2013-08-13 12:02:42', ''),
(1749, 44, '2013-08-13 08:12:06', '2013-08-13 12:02:07', ''),
(1750, 30, '2013-08-13 08:14:17', '2013-08-13 12:01:08', ''),
(1751, 31, '2013-08-13 12:01:38', '2013-08-13 14:02:36', ''),
(1752, 45, '2013-08-13 13:45:55', '2013-08-14 08:14:12', ''),
(1753, 29, '2013-08-13 13:53:30', '2013-08-13 19:00:04', ''),
(1754, 31, '2013-08-13 14:02:52', '2013-08-13 19:00:30', ''),
(1755, 28, '2013-08-13 14:19:16', '2013-08-13 21:24:26', ''),
(1756, 57, '2013-08-13 14:34:43', '2013-08-13 19:01:35', ''),
(1757, 44, '2013-08-13 16:05:50', '2013-08-13 21:36:19', ''),
(1758, 4, '2013-08-13 18:12:12', '2013-08-16 18:04:46', ''),
(1759, 14, '2013-08-13 18:35:34', '2013-08-13 21:23:40', ''),
(1760, 57, '2013-08-13 19:20:10', '2013-08-13 19:20:30', ''),
(1761, 2, '2013-08-13 21:22:17', '2013-08-19 18:13:18', ''),
(1762, 19, '2013-08-13 21:33:50', '2013-08-14 08:14:36', ''),
(1763, 15, '2013-08-13 21:35:15', '2013-08-14 17:02:31', ''),
(1764, 19, '2013-08-14 08:14:42', '2013-08-14 12:00:16', ''),
(1765, 29, '2013-08-14 08:15:31', '2013-08-14 12:01:07', ''),
(1766, 31, '2013-08-14 08:17:46', '2013-08-14 12:01:42', ''),
(1767, 57, '2013-08-14 08:18:39', '2013-08-14 12:03:07', ''),
(1768, 28, '2013-08-14 08:19:15', '2013-08-14 12:01:29', ''),
(1769, 36, '2013-08-14 12:00:47', '2013-08-14 12:00:53', ''),
(1770, 31, '2013-08-14 12:02:10', '2013-08-14 14:10:15', ''),
(1771, 44, '2013-08-14 12:02:28', '2013-08-14 16:08:10', ''),
(1772, 45, '2013-08-14 12:02:50', '2013-08-15 08:06:23', ''),
(1773, 28, '2013-08-14 14:06:05', '2013-08-14 19:00:15', ''),
(1774, 19, '2013-08-14 14:10:37', '2013-08-15 08:08:15', ''),
(1775, 57, '2013-08-14 14:31:19', '2013-08-15 08:04:16', ''),
(1776, 44, '2013-08-14 16:08:31', '2013-08-14 21:44:30', ''),
(1777, 29, '2013-08-14 18:59:45', '2013-08-14 18:59:53', ''),
(1778, 28, '2013-08-14 19:00:44', '2013-08-15 08:05:05', ''),
(1779, 31, '2013-08-14 19:02:36', '2013-08-15 08:08:34', ''),
(1780, 15, '2013-08-14 21:34:59', '2013-08-15 16:31:32', ''),
(1781, 44, '2013-08-15 08:04:44', '2013-08-15 16:11:10', ''),
(1782, 28, '2013-08-15 08:05:26', '2013-08-15 12:05:34', ''),
(1783, 29, '2013-08-15 08:05:50', '2013-08-15 14:15:15', ''),
(1784, 19, '2013-08-15 08:08:20', '2013-08-15 12:05:53', ''),
(1785, 31, '2013-08-15 08:08:39', '2013-08-15 14:15:36', ''),
(1786, 17, '2013-08-15 08:22:55', '2013-08-17 07:28:55', ''),
(1787, 57, '2013-08-15 12:06:11', '2013-08-15 12:06:19', ''),
(1788, 28, '2013-08-15 14:14:52', '2013-08-15 21:40:58', ''),
(1789, 44, '2013-08-15 16:11:21', '2013-08-16 08:07:58', ''),
(1790, 40, '2013-08-15 18:54:09', '2013-08-15 21:37:49', ''),
(1791, 14, '2013-08-15 18:54:47', '2013-08-15 21:50:11', ''),
(1792, 31, '2013-08-15 19:04:41', '2013-08-16 08:03:29', ''),
(1793, 15, '2013-08-15 21:37:28', '2013-08-15 21:37:33', ''),
(1794, 57, '2013-08-15 21:40:30', '2013-08-15 21:40:41', ''),
(1795, 19, '2013-08-15 21:41:47', '2013-08-16 07:23:24', ''),
(1796, 19, '2013-08-16 07:23:33', '2013-08-17 07:25:03', ''),
(1797, 28, '2013-08-16 08:03:45', '2013-08-16 12:03:09', ''),
(1798, 57, '2013-08-16 08:06:45', '2013-08-16 12:01:50', ''),
(1799, 45, '2013-08-16 08:08:17', '2013-08-16 12:59:02', ''),
(1800, 29, '2013-08-16 08:19:15', '2013-08-16 12:03:27', ''),
(1801, 44, '2013-08-16 12:02:10', '2013-08-20 08:12:50', ''),
(1802, 31, '2013-08-16 12:02:48', '2013-08-16 14:09:06', ''),
(1803, 36, '2013-08-16 12:03:50', '2013-08-16 12:03:57', ''),
(1804, 29, '2013-08-16 14:09:22', '2013-08-16 19:07:53', ''),
(1805, 28, '2013-08-16 14:12:25', '2013-08-16 19:11:11', ''),
(1806, 57, '2013-08-16 15:05:28', '2013-08-16 16:02:44', ''),
(1807, 23, '2013-08-16 18:12:28', '2013-08-22 18:13:04', ''),
(1808, 60, '2013-08-16 18:36:46', '2013-08-23 21:15:56', ''),
(1809, 31, '2013-08-16 19:00:59', '2013-08-20 08:10:45', ''),
(1810, 45, '2013-08-16 19:29:46', '2013-08-16 19:29:53', ''),
(1811, 29, '2013-08-17 07:16:18', '2013-08-17 13:01:49', ''),
(1812, 28, '2013-08-17 07:22:45', '2013-08-17 13:02:13', ''),
(1813, 17, '2013-08-17 07:29:07', '2013-09-12 07:55:06', ''),
(1814, 57, '2013-08-17 07:30:34', '2013-08-17 13:54:55', ''),
(1815, 15, '2013-08-17 07:54:07', '2013-08-20 17:01:55', ''),
(1816, 2, '2013-08-19 20:53:36', '2013-08-19 20:53:49', ''),
(1817, 57, '2013-08-20 08:10:28', '2013-08-20 14:31:05', ''),
(1818, 45, '2013-08-20 08:11:09', '2013-08-20 14:17:12', ''),
(1819, 28, '2013-08-20 08:11:30', '2013-08-20 14:13:22', ''),
(1820, 29, '2013-08-20 08:12:33', '2013-08-20 14:06:53', ''),
(1821, 44, '2013-08-20 08:12:57', '2013-08-22 08:02:59', ''),
(1822, 19, '2013-08-20 08:17:28', '2013-08-21 07:20:43', ''),
(1823, 29, '2013-08-20 14:07:04', '2013-08-20 18:58:16', ''),
(1824, 31, '2013-08-20 14:08:03', '2013-08-20 18:59:49', ''),
(1825, 45, '2013-08-20 14:17:24', '2013-08-21 08:07:41', ''),
(1826, 4, '2013-08-20 18:04:07', '2013-08-23 18:10:03', ''),
(1827, 14, '2013-08-20 18:30:59', '2013-08-20 21:46:07', ''),
(1828, 2, '2013-08-20 18:31:37', '2013-08-20 21:14:17', ''),
(1829, 28, '2013-08-20 21:03:01', '2013-08-21 08:02:48', ''),
(1830, 15, '2013-08-20 21:39:01', '2013-08-21 16:54:10', ''),
(1831, 57, '2013-08-21 07:44:15', '2013-08-21 07:44:30', ''),
(1832, 28, '2013-08-21 08:03:06', '2013-08-21 12:01:16', ''),
(1833, 31, '2013-08-21 08:05:53', '2013-08-21 12:02:21', ''),
(1834, 45, '2013-08-21 08:07:50', '2013-08-21 19:20:26', ''),
(1835, 29, '2013-08-21 08:12:49', '2013-08-21 12:02:43', ''),
(1836, 28, '2013-08-21 12:01:37', '2013-08-21 14:11:31', ''),
(1837, 57, '2013-08-21 14:25:53', '2013-08-21 19:04:42', ''),
(1838, 31, '2013-08-21 19:02:13', '2013-08-22 08:00:20', ''),
(1839, 29, '2013-08-21 19:03:18', '2013-08-21 19:03:34', ''),
(1840, 28, '2013-08-21 19:03:56', '2013-08-21 19:04:10', ''),
(1841, 15, '2013-08-21 21:32:36', '2013-08-22 17:04:06', ''),
(1842, 19, '2013-08-22 07:27:22', '2013-08-22 12:01:08', ''),
(1843, 45, '2013-08-22 07:59:48', '2013-08-22 12:02:33', ''),
(1844, 28, '2013-08-22 08:01:49', '2013-08-22 12:02:22', ''),
(1845, 57, '2013-08-22 08:02:23', '2013-08-22 12:02:04', ''),
(1846, 44, '2013-08-22 08:03:42', '2013-08-23 08:10:39', ''),
(1847, 29, '2013-08-22 08:07:57', '2013-08-22 12:01:49', ''),
(1848, 31, '2013-08-22 12:02:57', '2013-08-22 14:10:32', ''),
(1849, 29, '2013-08-22 14:09:59', '2013-08-22 19:01:11', ''),
(1850, 45, '2013-08-22 14:10:50', '2013-08-23 08:13:46', ''),
(1851, 28, '2013-08-22 14:15:56', '2013-08-22 21:44:20', ''),
(1852, 57, '2013-08-22 14:48:54', '2013-08-22 21:07:46', ''),
(1853, 23, '2013-08-22 18:13:24', '2013-08-23 18:11:52', ''),
(1854, 40, '2013-08-22 18:43:31', '2013-08-22 21:47:56', ''),
(1855, 31, '2013-08-22 19:02:34', '2013-08-23 12:02:00', ''),
(1856, 19, '2013-08-23 08:09:58', '2013-08-23 12:00:47', ''),
(1857, 29, '2013-08-23 08:10:15', '2013-08-23 12:01:15', ''),
(1858, 44, '2013-08-23 08:10:46', '2013-08-23 12:01:05', ''),
(1859, 28, '2013-08-23 08:11:13', '2013-08-23 14:06:54', ''),
(1860, 45, '2013-08-23 12:01:40', '2013-08-23 12:01:48', ''),
(1861, 30, '2013-08-23 12:02:14', '2013-08-23 12:02:20', ''),
(1862, 29, '2013-08-23 14:06:18', '2013-08-23 19:00:23', ''),
(1863, 31, '2013-08-23 14:06:36', '2013-08-26 08:12:32', ''),
(1864, 28, '2013-08-23 14:06:59', '2013-08-23 18:53:43', ''),
(1865, 15, '2013-08-23 17:23:32', '2013-08-23 21:25:12', ''),
(1866, 44, '2013-08-23 21:16:29', '2013-08-23 21:16:52', ''),
(1867, 29, '2013-08-24 07:17:55', '2013-08-24 13:11:18', ''),
(1868, 15, '2013-08-24 07:50:16', '2013-08-24 11:35:26', ''),
(1869, 28, '2013-08-24 08:01:29', '2013-08-24 13:09:00', ''),
(1870, 19, '2013-08-26 08:11:18', '2013-08-26 12:00:44', ''),
(1871, 29, '2013-08-26 08:11:32', '2013-08-26 12:01:05', ''),
(1872, 45, '2013-08-26 08:13:15', '2013-08-26 12:01:55', ''),
(1873, 28, '2013-08-26 08:13:40', '2013-08-26 12:01:24', ''),
(1874, 31, '2013-08-26 12:01:40', '2013-08-26 14:09:35', ''),
(1875, 45, '2013-08-26 14:08:43', '2013-08-27 08:04:12', ''),
(1876, 29, '2013-08-26 14:09:13', '2013-08-27 08:05:59', ''),
(1877, 31, '2013-08-26 14:09:43', '2013-08-27 08:06:25', ''),
(1878, 28, '2013-08-26 14:11:00', '2013-08-26 21:19:54', ''),
(1879, 15, '2013-08-26 17:00:57', '2013-08-26 21:28:23', ''),
(1880, 2, '2013-08-26 18:11:44', '2013-08-26 21:09:45', ''),
(1881, 19, '2013-08-27 08:03:53', '2013-08-28 08:14:58', ''),
(1882, 45, '2013-08-27 08:04:22', '2013-08-27 14:10:28', ''),
(1883, 29, '2013-08-27 08:06:11', '2013-08-27 14:11:50', ''),
(1884, 31, '2013-08-27 08:06:39', '2013-08-27 14:11:24', ''),
(1885, 28, '2013-08-27 08:11:51', '2013-08-27 08:12:26', ''),
(1886, 28, '2013-08-27 08:12:34', '2013-08-27 14:13:32', ''),
(1887, 45, '2013-08-27 14:10:34', '2013-08-27 14:10:42', ''),
(1888, 31, '2013-08-27 14:11:38', '2013-08-27 19:02:42', ''),
(1889, 29, '2013-08-27 14:11:57', '2013-08-27 19:01:33', ''),
(1890, 28, '2013-08-27 14:14:32', '2013-08-27 21:40:31', ''),
(1891, 15, '2013-08-27 16:59:32', '2013-08-27 21:30:49', ''),
(1892, 4, '2013-08-27 17:31:32', '2013-08-30 17:35:53', ''),
(1893, 2, '2013-08-27 18:16:13', '2013-08-27 21:41:16', ''),
(1894, 14, '2013-08-27 18:35:52', '2013-08-27 21:39:07', ''),
(1895, 28, '2013-08-27 21:40:44', '2013-08-28 14:10:15', ''),
(1896, 19, '2013-08-28 08:15:07', '2013-08-29 08:12:20', ''),
(1897, 45, '2013-08-28 14:06:35', '2013-08-29 12:03:26', ''),
(1898, 31, '2013-08-28 14:07:48', '2013-08-29 12:01:08', ''),
(1899, 29, '2013-08-28 14:08:08', '2013-08-28 19:05:04', ''),
(1900, 28, '2013-08-28 14:10:31', '2013-08-28 19:08:14', ''),
(1901, 15, '2013-08-28 16:54:23', '2013-08-28 21:31:42', ''),
(1902, 29, '2013-08-29 08:11:13', '2013-08-29 12:00:45', ''),
(1903, 28, '2013-08-29 08:11:35', '2013-08-29 12:00:19', ''),
(1904, 45, '2013-08-29 14:05:14', '2013-09-02 14:11:48', ''),
(1905, 29, '2013-08-29 14:05:34', '2013-08-29 18:58:39', ''),
(1906, 31, '2013-08-29 14:09:11', '2013-08-29 19:03:18', ''),
(1907, 28, '2013-08-29 14:10:50', '2013-08-30 08:10:02', ''),
(1908, 15, '2013-08-29 17:01:12', '2013-08-30 20:58:00', ''),
(1909, 40, '2013-08-29 18:27:00', '2013-09-12 18:38:23', ''),
(1910, 19, '2013-08-30 08:08:07', '2013-09-02 11:58:50', ''),
(1911, 31, '2013-08-30 08:08:24', '2013-08-30 14:09:27', ''),
(1912, 29, '2013-08-30 08:08:35', '2013-08-30 11:59:43', ''),
(1913, 44, '2013-08-30 08:09:22', '2013-08-31 07:10:31', ''),
(1914, 28, '2013-08-30 08:10:08', '2013-08-30 12:00:10', ''),
(1915, 29, '2013-08-30 14:07:33', '2013-08-31 07:10:54', ''),
(1916, 28, '2013-08-30 14:07:50', '2013-08-30 19:06:26', ''),
(1917, 4, '2013-08-30 17:36:02', '2013-09-13 18:28:40', ''),
(1918, 60, '2013-08-30 18:06:07', '2013-08-30 21:06:30', ''),
(1919, 31, '2013-08-30 19:06:53', '2013-09-02 14:10:51', ''),
(1920, 29, '2013-08-31 07:11:00', '2013-08-31 13:04:35', ''),
(1921, 15, '2013-08-31 07:17:48', '2013-08-31 11:38:22', ''),
(1922, 28, '2013-08-31 07:25:44', '2013-09-02 07:59:20', ''),
(1923, 29, '2013-09-02 07:58:50', '2013-09-02 12:01:25', ''),
(1924, 28, '2013-09-02 12:01:11', '2013-09-02 14:23:01', ''),
(1925, 29, '2013-09-02 14:11:04', '2013-09-03 08:09:13', ''),
(1926, 28, '2013-09-02 14:23:12', '2013-09-03 07:59:27', ''),
(1927, 15, '2013-09-02 17:02:38', '2013-09-02 21:35:36', ''),
(1928, 19, '2013-09-02 18:02:44', '2013-09-02 18:02:51', ''),
(1929, 61, '2013-09-02 18:16:36', '2013-09-02 21:32:48', ''),
(1930, 24, '2013-09-02 18:32:24', '2013-09-09 18:38:05', ''),
(1931, 2, '2013-09-02 18:58:26', '2013-09-02 21:49:27', ''),
(1932, 31, '2013-09-02 19:19:54', '2013-10-03 14:04:40', ''),
(1933, 58, '2013-09-03 07:52:47', NULL, ''),
(1934, 28, '2013-09-03 07:59:39', '2013-09-07 07:19:18', ''),
(1935, 45, '2013-09-03 08:06:05', '2013-10-03 08:19:23', ''),
(1936, 29, '2013-09-03 08:09:34', '2013-09-12 07:53:49', ''),
(1937, 36, '2013-09-03 08:12:26', '2013-10-03 12:00:58', ''),
(1938, 15, '2013-09-06 16:46:50', '2013-09-06 21:31:20', ''),
(1939, 28, '2013-09-07 07:19:52', '2013-09-12 14:03:04', ''),
(1940, 15, '2013-09-07 07:53:32', '2013-09-09 21:36:11', ''),
(1941, 61, '2013-09-09 18:04:40', '2013-09-09 21:04:38', ''),
(1942, 2, '2013-09-09 18:29:23', '2013-09-09 21:29:15', ''),
(1943, 15, '2013-09-10 17:08:57', '2013-09-12 17:02:56', ''),
(1944, 19, '2013-09-12 07:55:23', '2013-10-04 08:09:29', ''),
(1945, 29, '2013-09-12 14:02:06', '2013-09-12 14:02:27', ''),
(1946, 29, '2013-09-12 14:02:39', '2013-10-03 12:01:41', ''),
(1947, 28, '2013-09-12 14:03:12', '2013-09-13 08:13:11', ''),
(1948, 42, '2013-09-12 18:14:33', '2013-09-19 17:57:11', ''),
(1949, 23, '2013-09-12 18:30:06', '2013-09-12 21:44:59', ''),
(1950, 28, '2013-09-13 08:13:21', '2013-09-13 12:00:38', ''),
(1951, 28, '2013-09-13 14:11:53', '2013-10-03 08:13:16', ''),
(1952, 15, '2013-09-13 16:47:20', '2013-09-16 18:28:13', ''),
(1953, 23, '2013-09-13 18:17:32', '2013-09-19 18:36:40', ''),
(1954, 4, '2013-09-13 18:28:51', '2013-09-17 17:36:54', ''),
(1955, 60, '2013-09-13 18:29:07', NULL, ''),
(1956, 61, '2013-09-16 18:21:34', NULL, ''),
(1957, 24, '2013-09-16 18:27:36', NULL, ''),
(1958, 2, '2013-09-16 18:31:23', NULL, ''),
(1959, 15, '2013-09-17 21:32:56', '2013-09-17 21:33:04', ''),
(1960, 15, '2013-09-18 17:09:34', '2013-09-18 21:33:04', ''),
(1961, 40, '2013-09-19 18:51:06', NULL, ''),
(1962, 15, '2013-09-19 21:37:27', '2013-09-23 17:06:21', ''),
(1963, 15, '2013-09-23 21:31:31', '2013-09-24 17:04:46', ''),
(1964, 15, '2013-09-25 21:33:43', '2013-09-26 17:06:11', ''),
(1965, 15, '2013-09-30 17:15:32', NULL, ''),
(1966, 28, '2013-10-03 12:00:17', '2013-10-03 14:02:35', ''),
(1967, 29, '2013-10-03 12:01:56', '2013-10-03 14:03:29', ''),
(1968, 45, '2013-10-03 14:04:03', '2013-10-04 08:10:07', ''),
(1969, 28, '2013-10-03 19:14:43', '2013-10-04 08:06:44', ''),
(1970, 29, '2013-10-03 19:15:25', '2013-10-04 08:13:14', ''),
(1971, 19, '2013-10-04 08:09:53', NULL, ''),
(1972, 29, '2013-10-04 08:13:22', NULL, ''),
(1973, 28, '2013-10-04 14:16:14', NULL, ''),
(1974, 14, '2013-10-07 18:33:56', NULL, '');

-- --------------------------------------------------------

--
-- Estructura de tabla para la tabla `asistencias_tutores`
--

CREATE TABLE IF NOT EXISTS `asistencias_tutores` (
  `id` int(11) NOT NULL AUTO_INCREMENT,
  `curso_id` int(11) NOT NULL,
  `asistencias_id` int(11) NOT NULL,
  `tutoria_nro` int(2) NOT NULL,
  PRIMARY KEY (`id`),
  KEY `fk_asistencias_tutores_asistencias1` (`asistencias_id`),
  KEY `fk_asistencias_tutores_cursos1` (`curso_id`)
) ENGINE=InnoDB  DEFAULT CHARSET=latin1 AUTO_INCREMENT=767 ;

--
-- Volcado de datos para la tabla `asistencias_tutores`
--

INSERT INTO `asistencias_tutores` (`id`, `curso_id`, `asistencias_id`, `tutoria_nro`) VALUES
(1, 4, 17, 1),
(2, 4, 18, 1),
(3, 3, 19, 1),
(4, 1, 20, 1),
(5, 2, 21, 1),
(6, 5, 22, 1),
(7, 6, 23, 1),
(8, 8, 24, 1),
(9, 9, 25, 1),
(10, 7, 26, 1),
(11, 11, 27, 1),
(12, 10, 28, 1),
(13, 13, 29, 1),
(14, 12, 30, 1),
(15, 19, 31, 1),
(16, 15, 32, 1),
(17, 17, 33, 1),
(18, 16, 34, 1),
(19, 14, 35, 1),
(20, 18, 36, 1),
(21, 21, 37, 1),
(22, 20, 38, 1),
(23, 23, 39, 1),
(24, 22, 40, 1),
(25, 25, 41, 1),
(26, 24, 42, 1),
(27, 28, 43, 1),
(28, 26, 44, 1),
(29, 13, 45, 1),
(30, 29, 46, 1),
(31, 2, 47, 1),
(32, 3, 48, 1),
(33, 4, 49, 1),
(34, 1, 50, 1),
(35, 5, 51, 1),
(36, 7, 52, 1),
(37, 5, 53, 1),
(38, 9, 54, 1),
(39, 8, 55, 1),
(40, 11, 56, 1),
(41, 10, 57, 1),
(42, 13, 58, 1),
(43, 12, 59, 1),
(44, 16, 60, 1),
(45, 19, 61, 1),
(46, 17, 62, 1),
(47, 15, 63, 1),
(48, 14, 64, 1),
(49, 18, 65, 1),
(50, 30, 66, 1),
(51, 23, 67, 1),
(52, 20, 68, 1),
(53, 21, 69, 1),
(54, 22, 70, 1),
(55, 25, 71, 1),
(56, 28, 72, 1),
(57, 27, 73, 1),
(58, 26, 74, 1),
(59, 5, 75, 1),
(60, 9, 76, 1),
(61, 8, 77, 1),
(62, 7, 78, 1),
(63, 6, 79, 1),
(64, 13, 80, 1),
(65, 12, 81, 1),
(66, 3, 82, 1),
(67, 19, 83, 1),
(68, 15, 84, 1),
(69, 17, 85, 1),
(70, 16, 86, 1),
(71, 12, 87, 1),
(72, 18, 88, 1),
(73, 30, 89, 1),
(74, 20, 90, 1),
(75, 21, 91, 1),
(76, 23, 92, 1),
(77, 22, 93, 1),
(78, 25, 94, 1),
(79, 28, 95, 1),
(80, 27, 96, 1),
(81, 9, 97, 1),
(82, 8, 98, 1),
(83, 5, 99, 1),
(84, 11, 100, 1),
(85, 10, 101, 1),
(86, 12, 102, 1),
(87, 13, 103, 1),
(88, 15, 104, 1),
(89, 16, 105, 1),
(90, 19, 106, 1),
(91, 17, 107, 1),
(92, 14, 108, 1),
(93, 18, 109, 1),
(94, 30, 110, 1),
(95, 20, 111, 1),
(96, 3, 112, 1),
(97, 22, 113, 1),
(98, 27, 114, 1),
(99, 3, 115, 1),
(100, 2, 116, 1),
(101, 4, 117, 1),
(102, 5, 118, 1),
(103, 8, 120, 1),
(104, 9, 121, 1),
(105, 7, 122, 1),
(106, 5, 123, 1),
(107, 11, 124, 1),
(108, 12, 125, 1),
(109, 13, 126, 1),
(110, 19, 145, 1),
(111, 17, 146, 1),
(112, 5, 147, 1),
(113, 30, 151, 1),
(114, 30, 152, 1),
(115, 30, 153, 1),
(116, 30, 154, 1),
(117, 30, 155, 1),
(118, 30, 156, 1),
(119, 20, 164, 1),
(120, 23, 165, 1),
(121, 22, 166, 1),
(122, 21, 167, 1),
(123, 31, 168, 1),
(124, 32, 169, 1),
(125, 32, 170, 1),
(126, 32, 171, 1),
(127, 32, 172, 1),
(128, 34, 173, 1),
(129, 33, 174, 1),
(130, 32, 175, 1),
(131, 5, 180, 1),
(132, 5, 181, 1),
(133, 5, 182, 1),
(134, 5, 183, 1),
(135, 5, 189, 1),
(136, 8, 190, 1),
(137, 9, 191, 1),
(138, 7, 192, 1),
(139, 11, 199, 1),
(140, 11, 200, 1),
(141, 11, 201, 1),
(142, 12, 210, 1),
(143, 13, 212, 1),
(144, 12, 213, 1),
(145, 15, 228, 1),
(146, 5, 229, 1),
(147, 16, 230, 1),
(148, 17, 231, 1),
(149, 19, 232, 1),
(150, 18, 233, 1),
(151, 12, 234, 1),
(152, 19, 235, 1),
(153, 18, 236, 1),
(154, 18, 237, 1),
(155, 30, 240, 1),
(156, 30, 241, 1),
(157, 30, 242, 1),
(158, 30, 243, 1),
(159, 30, 244, 1),
(160, 30, 245, 1),
(161, 30, 246, 1),
(162, 30, 247, 1),
(163, 23, 254, 1),
(164, 20, 255, 1),
(165, 3, 256, 1),
(166, 12, 257, 1),
(167, 12, 259, 1),
(168, 32, 260, 1),
(169, 20, 261, 1),
(170, 20, 262, 1),
(171, 20, 263, 1),
(172, 20, 264, 1),
(173, 20, 266, 1),
(174, 11, 271, 1),
(175, 20, 272, 1),
(176, 32, 273, 1),
(177, 5, 281, 1),
(178, 5, 282, 1),
(179, 5, 283, 1),
(180, 5, 284, 1),
(181, 5, 291, 1),
(182, 8, 292, 1),
(183, 11, 294, 1),
(184, 11, 295, 1),
(185, 11, 296, 1),
(186, 11, 297, 1),
(187, 11, 298, 1),
(188, 11, 299, 1),
(189, 10, 300, 1),
(190, 12, 307, 1),
(191, 13, 308, 1),
(192, 13, 309, 1),
(193, 19, 319, 1),
(194, 5, 320, 1),
(195, 18, 321, 1),
(196, 12, 322, 1),
(197, 17, 323, 1),
(198, 18, 324, 1),
(199, 30, 327, 1),
(200, 30, 328, 1),
(201, 30, 329, 1),
(202, 30, 330, 1),
(203, 30, 331, 1),
(204, 23, 336, 1),
(205, 20, 337, 1),
(206, 3, 338, 1),
(207, 12, 339, 1),
(208, 12, 340, 1),
(209, 12, 341, 1),
(210, 12, 342, 1),
(211, 31, 343, 1),
(212, 32, 344, 1),
(213, 32, 345, 1),
(214, 11, 349, 1),
(215, 11, 350, 1),
(216, 32, 351, 1),
(217, 3, 360, 1),
(218, 2, 361, 1),
(219, 4, 362, 1),
(220, 1, 364, 1),
(221, 4, 365, 1),
(222, 5, 372, 1),
(223, 5, 373, 1),
(224, 5, 374, 1),
(225, 5, 375, 1),
(226, 5, 376, 1),
(227, 9, 377, 1),
(228, 8, 378, 1),
(229, 12, 379, 1),
(230, 11, 384, 1),
(231, 10, 385, 1),
(232, 11, 386, 1),
(233, 12, 390, 1),
(234, 12, 391, 1),
(235, 13, 392, 1),
(236, 12, 393, 1),
(237, 19, 402, 1),
(238, 15, 403, 1),
(239, 17, 404, 1),
(240, 18, 405, 1),
(241, 5, 406, 1),
(242, 12, 407, 1),
(243, 12, 408, 1),
(244, 30, 411, 1),
(245, 30, 412, 1),
(246, 30, 413, 1),
(247, 30, 414, 1),
(248, 30, 415, 1),
(249, 30, 416, 1),
(250, 23, 419, 1),
(251, 22, 420, 1),
(252, 31, 421, 1),
(253, 32, 422, 1),
(254, 32, 423, 1),
(255, 34, 424, 1),
(256, 20, 425, 1),
(257, 20, 426, 1),
(258, 11, 427, 1),
(259, 32, 428, 1),
(260, 4, 434, 1),
(261, 2, 435, 1),
(262, 3, 436, 1),
(263, 3, 437, 1),
(264, 29, 439, 1),
(265, 31, 448, 1),
(266, 8, 449, 1),
(267, 20, 450, 1),
(268, 18, 467, 1),
(269, 15, 468, 1),
(270, 19, 469, 1),
(271, 19, 470, 1),
(272, 30, 473, 1),
(273, 30, 474, 1),
(274, 30, 475, 1),
(275, 23, 478, 1),
(276, 20, 479, 1),
(277, 8, 480, 1),
(278, 8, 481, 1),
(279, 23, 482, 1),
(280, 20, 483, 1),
(281, 32, 484, 1),
(282, 20, 485, 1),
(283, 20, 486, 1),
(284, 28, 487, 1),
(285, 32, 488, 1),
(286, 32, 489, 1),
(287, 34, 490, 1),
(288, 32, 491, 1),
(289, 4, 498, 1),
(290, 4, 502, 1),
(291, 4, 508, 1),
(292, 4, 509, 1),
(293, 50, 581, 1),
(294, 50, 582, 1),
(295, 39, 584, 1),
(296, 46, 585, 1),
(297, 39, 586, 1),
(298, 39, 587, 1),
(299, 39, 588, 1),
(300, 39, 589, 1),
(301, 39, 590, 1),
(302, 39, 591, 1),
(303, 44, 599, 1),
(304, 37, 600, 1),
(305, 47, 601, 1),
(306, 53, 602, 1),
(307, 55, 605, 1),
(308, 48, 606, 1),
(309, 38, 607, 1),
(310, 35, 608, 1),
(311, 38, 609, 1),
(312, 45, 615, 1),
(313, 45, 616, 1),
(314, 39, 624, 1),
(315, 36, 625, 1),
(316, 55, 626, 1),
(317, 39, 627, 1),
(318, 42, 641, 1),
(319, 52, 642, 1),
(320, 36, 643, 1),
(321, 53, 644, 1),
(322, 37, 645, 1),
(323, 56, 657, 1),
(324, 40, 658, 1),
(325, 57, 659, 1),
(326, 41, 660, 1),
(327, 43, 661, 1),
(328, 50, 665, 1),
(329, 50, 666, 1),
(330, 50, 667, 1),
(331, 48, 681, 1),
(332, 35, 682, 1),
(333, 38, 683, 1),
(334, 45, 687, 1),
(335, 45, 688, 1),
(336, 45, 689, 1),
(337, 45, 690, 1),
(338, 45, 692, 1),
(339, 45, 693, 1),
(340, 45, 694, 1),
(341, 45, 695, 1),
(342, 45, 696, 1),
(343, 45, 697, 1),
(344, 37, 701, 1),
(345, 53, 702, 1),
(346, 39, 706, 1),
(347, 53, 707, 1),
(348, 53, 708, 1),
(349, 35, 720, 1),
(350, 38, 721, 1),
(351, 38, 722, 1),
(352, 38, 723, 1),
(353, 35, 724, 1),
(354, 55, 740, 1),
(355, 36, 741, 1),
(356, 39, 743, 1),
(357, 39, 744, 1),
(358, 37, 758, 1),
(359, 52, 759, 1),
(360, 36, 760, 1),
(361, 45, 761, 1),
(362, 45, 762, 1),
(363, 45, 763, 1),
(364, 53, 764, 1),
(365, 41, 775, 1),
(366, 56, 776, 1),
(367, 57, 777, 1),
(368, 40, 778, 1),
(369, 40, 779, 1),
(370, 43, 780, 1),
(371, 51, 782, 1),
(372, 50, 783, 1),
(373, 50, 784, 1),
(374, 47, 792, 1),
(375, 53, 793, 1),
(376, 53, 794, 1),
(377, 53, 795, 1),
(378, 53, 796, 1),
(379, 37, 797, 1),
(380, 47, 807, 1),
(381, 40, 808, 1),
(382, 35, 809, 1),
(383, 35, 810, 1),
(384, 38, 813, 1),
(385, 55, 826, 1),
(386, 39, 827, 1),
(387, 36, 828, 1),
(388, 36, 829, 1),
(389, 39, 832, 1),
(390, 45, 837, 1),
(391, 45, 838, 1),
(392, 45, 839, 1),
(393, 45, 840, 1),
(394, 45, 841, 1),
(395, 45, 842, 1),
(396, 45, 843, 1),
(397, 45, 844, 1),
(398, 42, 845, 1),
(399, 49, 846, 1),
(400, 52, 847, 1),
(401, 54, 848, 1),
(402, 54, 849, 1),
(403, 53, 850, 1),
(404, 52, 851, 1),
(405, 57, 863, 1),
(406, 57, 864, 1),
(407, 57, 865, 1),
(408, 41, 866, 1),
(409, 56, 867, 1),
(410, 51, 873, 1),
(411, 50, 874, 1),
(412, 50, 875, 1),
(413, 39, 878, 1),
(414, 39, 879, 1),
(415, 47, 886, 1),
(416, 47, 887, 1),
(417, 39, 888, 1),
(418, 37, 889, 1),
(419, 53, 890, 1),
(420, 53, 891, 1),
(421, 35, 905, 1),
(422, 38, 906, 1),
(423, 35, 908, 1),
(424, 55, 920, 1),
(425, 39, 921, 1),
(426, 36, 922, 1),
(427, 36, 923, 1),
(428, 37, 936, 1),
(429, 36, 937, 1),
(430, 52, 938, 1),
(431, 53, 939, 1),
(432, 45, 940, 1),
(433, 45, 941, 1),
(434, 41, 950, 1),
(435, 57, 951, 1),
(436, 43, 952, 1),
(437, 43, 953, 1),
(438, 43, 954, 1),
(439, 41, 955, 1),
(440, 56, 956, 1),
(441, 51, 963, 1),
(442, 51, 964, 1),
(443, 39, 969, 1),
(444, 37, 972, 1),
(445, 44, 973, 1),
(446, 47, 974, 1),
(447, 53, 975, 1),
(448, 53, 976, 1),
(449, 53, 977, 1),
(450, 38, 992, 1),
(451, 35, 996, 1),
(452, 35, 997, 1),
(453, 45, 1005, 1),
(454, 45, 1006, 1),
(455, 45, 1007, 1),
(456, 45, 1008, 1),
(457, 45, 1009, 1),
(458, 55, 1010, 1),
(459, 55, 1011, 1),
(460, 36, 1012, 1),
(461, 36, 1013, 1),
(462, 45, 1014, 1),
(463, 45, 1015, 1),
(464, 45, 1020, 1),
(465, 53, 1026, 1),
(466, 53, 1027, 1),
(467, 37, 1028, 1),
(468, 36, 1029, 1),
(469, 52, 1030, 1),
(470, 52, 1031, 1),
(471, 50, 1043, 1),
(472, 50, 1044, 1),
(473, 46, 1074, 1),
(474, 39, 1075, 1),
(475, 39, 1076, 1),
(476, 39, 1077, 1),
(477, 39, 1078, 1),
(478, 39, 1079, 1),
(479, 37, 1080, 1),
(480, 47, 1081, 1),
(481, 53, 1082, 1),
(482, 53, 1083, 1),
(483, 53, 1084, 1),
(484, 53, 1085, 1),
(485, 55, 1105, 1),
(486, 55, 1106, 1),
(487, 36, 1107, 1),
(488, 36, 1108, 1),
(489, 42, 1124, 1),
(490, 52, 1125, 1),
(491, 36, 1126, 1),
(492, 45, 1127, 1),
(493, 52, 1128, 1),
(494, 41, 1144, 1),
(495, 56, 1145, 1),
(496, 43, 1146, 1),
(497, 41, 1147, 1),
(498, 53, 1162, 1),
(499, 53, 1163, 1),
(500, 56, 1207, 1),
(501, 56, 1208, 1),
(502, 40, 1215, 1),
(503, 58, 1223, 1),
(504, 58, 1224, 1),
(505, 61, 1230, 1),
(506, 66, 1238, 1),
(507, 35, 1239, 1),
(508, 55, 1240, 1),
(509, 36, 1241, 1),
(510, 50, 1242, 1),
(511, 71, 1251, 1),
(512, 69, 1252, 1),
(513, 67, 1253, 1),
(514, 65, 1254, 1),
(515, 68, 1255, 1),
(516, 70, 1256, 1),
(517, 70, 1257, 1),
(518, 72, 1264, 1),
(519, 73, 1270, 1),
(520, 74, 1271, 1),
(521, 76, 1273, 1),
(522, 35, 1282, 1),
(523, 60, 1283, 1),
(524, 77, 1295, 1),
(525, 60, 1296, 1),
(526, 60, 1297, 1),
(527, 60, 1298, 1),
(528, 50, 1299, 1),
(529, 50, 1300, 1),
(530, 50, 1301, 1),
(531, 50, 1302, 1),
(532, 55, 1303, 1),
(533, 64, 1304, 1),
(534, 35, 1305, 1),
(535, 50, 1306, 1),
(536, 77, 1307, 1),
(537, 36, 1308, 1),
(538, 36, 1309, 1),
(539, 66, 1310, 1),
(540, 37, 1321, 1),
(541, 71, 1322, 1),
(542, 65, 1323, 1),
(543, 72, 1326, 1),
(544, 72, 1327, 1),
(545, 72, 1328, 1),
(546, 72, 1329, 1),
(547, 72, 1330, 1),
(548, 35, 1332, 1),
(549, 58, 1333, 1),
(550, 76, 1334, 1),
(551, 36, 1348, 1),
(552, 60, 1349, 1),
(553, 60, 1350, 1),
(554, 35, 1351, 1),
(555, 38, 1361, 1),
(556, 60, 1362, 1),
(557, 60, 1363, 1),
(558, 58, 1364, 1),
(559, 69, 1373, 1),
(560, 71, 1374, 1),
(561, 60, 1375, 1),
(562, 53, 1376, 1),
(563, 53, 1377, 1),
(564, 53, 1378, 1),
(565, 65, 1379, 1),
(566, 72, 1380, 1),
(567, 72, 1381, 1),
(568, 72, 1382, 1),
(569, 72, 1383, 1),
(570, 72, 1384, 1),
(571, 72, 1385, 1),
(572, 76, 1387, 1),
(573, 35, 1388, 1),
(574, 35, 1389, 1),
(575, 76, 1393, 1),
(576, 76, 1394, 1),
(577, 60, 1401, 1),
(578, 60, 1402, 1),
(579, 60, 1403, 1),
(580, 60, 1404, 1),
(581, 55, 1407, 1),
(582, 36, 1408, 1),
(583, 35, 1409, 1),
(584, 50, 1410, 1),
(585, 77, 1411, 1),
(586, 66, 1412, 1),
(587, 69, 1415, 1),
(588, 65, 1416, 1),
(589, 53, 1417, 1),
(590, 35, 1419, 1),
(591, 58, 1420, 1),
(592, 76, 1421, 1),
(593, 35, 1422, 1),
(594, 77, 1435, 1),
(595, 66, 1440, 1),
(596, 55, 1441, 1),
(597, 36, 1442, 1),
(598, 77, 1444, 1),
(599, 77, 1445, 1),
(600, 71, 1449, 1),
(601, 68, 1450, 1),
(602, 69, 1451, 1),
(603, 65, 1452, 1),
(604, 65, 1453, 1),
(605, 70, 1454, 1),
(606, 67, 1455, 1),
(607, 76, 1464, 1),
(608, 35, 1465, 1),
(609, 35, 1466, 1),
(610, 75, 1467, 1),
(611, 60, 1470, 1),
(612, 35, 1471, 1),
(613, 35, 1472, 1),
(614, 53, 1473, 1),
(615, 53, 1474, 1),
(616, 60, 1475, 1),
(617, 58, 1483, 1),
(618, 38, 1484, 1),
(619, 77, 1485, 1),
(620, 66, 1491, 1),
(621, 55, 1492, 1),
(622, 50, 1493, 1),
(623, 35, 1494, 1),
(624, 36, 1495, 1),
(625, 36, 1496, 1),
(626, 36, 1497, 1),
(627, 50, 1498, 1),
(628, 65, 1500, 1),
(629, 37, 1501, 1),
(630, 71, 1502, 1),
(631, 76, 1506, 1),
(632, 35, 1507, 1),
(633, 35, 1508, 1),
(634, 76, 1509, 1),
(635, 35, 1514, 1),
(636, 53, 1515, 1),
(637, 77, 1523, 1),
(638, 50, 1524, 1),
(639, 35, 1525, 1),
(640, 36, 1526, 1),
(641, 66, 1527, 1),
(642, 55, 1528, 1),
(643, 65, 1531, 1),
(644, 71, 1532, 1),
(645, 76, 1534, 1),
(646, 35, 1535, 1),
(647, 35, 1536, 1),
(648, 77, 1539, 1),
(649, 50, 1541, 1),
(650, 36, 1542, 1),
(651, 35, 1543, 1),
(652, 77, 1544, 1),
(653, 66, 1545, 1),
(654, 55, 1546, 1),
(655, 71, 1550, 1),
(656, 65, 1551, 1),
(657, 37, 1552, 1),
(658, 35, 1554, 1),
(659, 77, 1558, 1),
(660, 66, 1559, 1),
(661, 53, 1563, 1),
(662, 66, 1565, 1),
(663, 69, 1602, 1),
(664, 36, 1603, 1),
(665, 60, 1607, 1),
(666, 60, 1633, 1),
(667, 60, 1634, 1),
(668, 60, 1635, 1),
(669, 60, 1636, 1),
(670, 36, 1650, 1),
(671, 38, 1651, 1),
(672, 38, 1652, 1),
(673, 38, 1653, 1),
(674, 38, 1654, 1),
(675, 36, 1655, 1),
(676, 36, 1656, 1),
(677, 36, 1658, 1),
(678, 36, 1670, 1),
(679, 47, 1672, 1),
(680, 37, 1685, 1),
(681, 60, 1686, 1),
(682, 60, 1688, 1),
(683, 36, 1689, 1),
(684, 39, 1692, 1),
(685, 39, 1693, 1),
(686, 39, 1694, 1),
(687, 39, 1695, 1),
(688, 39, 1696, 1),
(689, 39, 1697, 1),
(690, 39, 1698, 1),
(691, 39, 1699, 1),
(692, 39, 1700, 1),
(693, 39, 1701, 1),
(694, 39, 1702, 1),
(695, 39, 1703, 1),
(696, 68, 1704, 1),
(697, 43, 1705, 1),
(698, 64, 1706, 1),
(699, 38, 1719, 1),
(700, 38, 1720, 1),
(701, 36, 1721, 1),
(702, 36, 1722, 1),
(703, 39, 1725, 1),
(704, 39, 1727, 1),
(705, 39, 1728, 1),
(706, 39, 1729, 1),
(707, 36, 1743, 1),
(708, 47, 1744, 1),
(709, 37, 1758, 1),
(710, 60, 1759, 1),
(711, 60, 1760, 1),
(712, 36, 1761, 1),
(713, 60, 1762, 1),
(714, 60, 1763, 1),
(715, 39, 1786, 1),
(716, 39, 1787, 1),
(717, 39, 1788, 1),
(718, 39, 1789, 1),
(719, 35, 1790, 1),
(720, 60, 1791, 1),
(721, 60, 1792, 1),
(722, 60, 1793, 1),
(723, 35, 1794, 1),
(724, 35, 1795, 1),
(725, 38, 1807, 1),
(726, 38, 1808, 1),
(727, 39, 1813, 1),
(728, 39, 1814, 1),
(729, 39, 1815, 1),
(730, 36, 1816, 1),
(731, 37, 1826, 1),
(732, 60, 1827, 1),
(733, 36, 1828, 1),
(734, 36, 1830, 1),
(735, 38, 1853, 1),
(736, 74, 1854, 1),
(737, 74, 1855, 1),
(738, 38, 1866, 1),
(739, 36, 1880, 1),
(740, 37, 1892, 1),
(741, 36, 1893, 1),
(742, 60, 1894, 1),
(743, 60, 1895, 1),
(744, 35, 1909, 1),
(745, 69, 1917, 1),
(746, 69, 1918, 1),
(747, 69, 1919, 1),
(748, 47, 1930, 1),
(749, 36, 1931, 1),
(750, 36, 1932, 1),
(751, 36, 1942, 1),
(752, 39, 1944, 1),
(753, 39, 1945, 1),
(754, 39, 1946, 1),
(755, 39, 1947, 1),
(756, 43, 1948, 1),
(757, 38, 1949, 1),
(758, 59, 1953, 1),
(759, 69, 1954, 1),
(760, 69, 1955, 1),
(761, 47, 1957, 1),
(762, 36, 1958, 1),
(763, 37, 1959, 1),
(764, 35, 1961, 1),
(765, 43, 1962, 1),
(766, 60, 1974, 1);

-- --------------------------------------------------------

--
-- Estructura de tabla para la tabla `catedra`
--

CREATE TABLE IF NOT EXISTS `catedra` (
  `id` int(11) NOT NULL AUTO_INCREMENT,
  `nombre` varchar(255) CHARACTER SET latin1 NOT NULL,
  `programas_id` int(11) NOT NULL,
  `semestre` varchar(2) CHARACTER SET latin1 NOT NULL,
  `horas` varchar(2) CHARACTER SET latin1 NOT NULL,
  `estado` int(1) NOT NULL COMMENT '0 inactivo 1 activo',
  PRIMARY KEY (`id`),
  KEY `fk_catedra_programas1` (`programas_id`)
) ENGINE=InnoDB  DEFAULT CHARSET=utf8 COLLATE=utf8_spanish2_ci AUTO_INCREMENT=96 ;

--
-- Volcado de datos para la tabla `catedra`
--

INSERT INTO `catedra` (`id`, `nombre`, `programas_id`, `semestre`, `horas`, `estado`) VALUES
(1, 'METODOLOGIA DE LA INVESTIGACION', 13, '4', '25', 1),
(2, 'CALCULO DIFER. E INTEGRAL', 13, '1', '25', 1),
(3, 'TEORIA CONTABLE II', 13, '5', '25', 1),
(4, 'CONTROL TRIBUTARIO', 13, '3', '25', 1),
(5, 'GERENCIA ESTRATEGICA DE COSTOS', 13, '9', '25', 1),
(6, 'COMPETENCIAS COMUNICATIVAS', 13, '1', '25', 1),
(7, 'FERIAS INTERNACIONALES', 14, '3', '25', 1),
(8, 'ECONOMIA INTERNACIONAL', 14, '3', '25', 1),
(9, 'HUMANIDADES VI', 14, '2', '25', 1),
(10, 'COMERCIO INTERNACIONAL', 14, '1', '25', 1),
(11, 'POLITICA COMERCIAL', 14, '1', '25', 1),
(12, 'INTRODUCCION A LA ECONOMIA', 14, '1', '25', 1),
(13, 'ELECTIVA DE PROFUNDIZACION I', 12, '3', '25', 1),
(14, 'INGENIERIA ECONOMICA', 12, '2', '25', 1),
(15, 'INGLES III', 12, '1', '25', 1),
(16, 'ADMINISTRACIÓN I', 8, '1', '25', 1),
(17, 'ANALISIS FINANCIERO', 8, '4', '25', 1),
(18, 'AUDITORIA CONTABLE', 8, '3', '25', 1),
(19, 'CONTABILIDAD II', 8, '2', '25', 1),
(20, 'CONTABILIDAD SISTEMATIZADA', 8, '4', '25', 1),
(21, 'COSTOS', 8, '3', '25', 1),
(22, 'DERECHO COMERCIAL', 8, '2', '25', 1),
(23, 'DERECHO CONSTITUCIONAL', 8, '1', '25', 1),
(24, 'EMPRENDIMIENTO', 8, '3', '25', 1),
(25, 'ESTADISTICA', 8, '2', '25', 1),
(26, 'ETICA PROFESIONAL', 8, '4', '25', 1),
(27, 'INFORMATICA I', 8, '1', '25', 1),
(28, 'INGLES II', 8, '3', '25', 1),
(29, 'LEGISLACION TRIBUTARIA', 8, '4', '25', 1),
(30, 'MATEMATICAS I', 8, '1', '25', 1),
(31, 'METODOS DE ESTUDIO', 8, '1', '25', 1),
(32, 'TALLER DE AUDITORIA', 8, '4', '25', 1),
(33, 'JORNADA LABORAL', 6, '1', '25', 0),
(34, 'INGLES IV', 14, '1', '25', 1),
(35, 'NEGOCIACION INTERNACIONALONAL', 14, '1', '25', 1),
(36, 'INGENIERIA DE LA PRODUCCION', 14, '1', '25', 1),
(37, 'LOGISTICA D.I.F ', 14, '1', '25', 1),
(38, 'COYUNTURA INTERNACIONAL', 14, '1', '25', 1),
(39, 'MACROECONOMIA', 14, '1', '25', 1),
(40, 'INGLES V', 14, '1', '25', 1),
(41, 'CLUB CONVERSACIONAL DE INGLES', 14, '1', '25', 1),
(42, 'HUMANIDADES VII', 14, '1', '25', 1),
(43, 'ADMINISTRACION PUBLICA', 14, '1', '25', 1),
(44, 'INTELIGENCIA DE MERCADOS', 14, '1', '25', 1),
(45, 'PROYECTO DE VIDA', 12, '1', '25', 1),
(46, 'ALGEBRA LINEAL', 12, '6', '25', 1),
(47, 'ECONOMIA', 12, '5', '25', 1),
(48, 'INGENIERIA DE SOFTWARE II', 12, '3', '25', 1),
(49, 'FISICA I', 12, '3', '25', 1),
(50, 'FISICA II', 12, '4', '25', 1),
(51, 'ORGANIZACIONES', 12, '4', '25', 1),
(52, 'HUMANIDADES IX', 12, '9', '25', 1),
(53, 'SEMINARIO DE INGENIERIA DE SISTEMAS', 12, '10', '25', 1),
(54, 'INGENIERIA DE SOFTWARE I', 12, '2', '25', 1),
(55, 'FINANZAS', 12, '5', '25', 1),
(56, 'HUMANIDADES X', 13, '10', '25', 1),
(57, 'POSGRADO IMPUESTO DE RENTA', 13, '10', '25', 1),
(58, 'CONTABILIDAD Y PRESUPUESTO I', 13, '4', '25', 1),
(59, 'CONTABILIDAD Y PRESUPUESTO II', 13, '5', '25', 1),
(60, 'ETICA', 13, '1', '25', 1),
(61, 'MACROECONOMIA', 13, '4', '25', 1),
(62, 'ADMINISTRACION DEL IVA Y RETEFUENTE', 13, '1', '25', 1),
(63, 'POSGRADOS PROCESOS TRIBUTARIOS', 13, '10', '25', 1),
(64, 'HUMANIDADES V', 13, '5', '25', 1),
(65, 'ESTADISTICA PROBABILISTICA', 13, '6', '25', 1),
(66, 'ADMINISTRACION IMPUESTO DE RENTA', 13, '5', '25', 1),
(67, 'SEMINARIO CONTABILIDAD INTERNACIONAL', 13, '10', '25', 1),
(68, 'INTRODUCCION A LA PUBLICIDAD', 2, '1', '25', 1),
(69, 'SOFTWARE GRAFICO', 2, '1', '25', 1),
(70, 'ADMON DEL TALENTO HUMANO', 7, '1', '25', 1),
(71, 'MERCADEO', 1, '1', '25', 1),
(72, 'MAT. FINANCIERA', 8, '1', '25', 1),
(73, 'DERECHO LABORAL ', 8, '1', '25', 1),
(74, 'FUNDAMENTOS DE PROGRAMACION ', 11, '1', '25', 1),
(75, 'CONTABILIDAD I', 8, '1', '25', 1),
(76, 'ARQUITECTURA DE COMPUTADORES', 11, '1', '25', 1),
(77, 'EMPRESARIMO', 8, '1', '25', 1),
(78, 'MICROECONOMIA', 8, '1', '25', 1),
(79, 'INFORMATICA II', 14, '1', '25', 1),
(80, 'CONTABILIDAD Y PRESUPUESTO PUBLICO II', 13, '7', '24', 1),
(81, 'FISICA II', 12, '5', '24', 1),
(82, 'ARQUITECTURA DE COMPUTADORES', 11, '1', '24', 1),
(83, 'TALLER DE AUDITORIA', 8, '1', '24', 1),
(84, 'CLUB CONVERSACIONAL DE INGLES', 12, '1', '24', 1),
(85, 'CONTABILIDAD FINANCIERA V', 13, '1', '24', 1),
(86, 'INGLES I', 8, '1', '24', 1),
(87, 'INTELIGENCIA DE MERCADOS', 13, '1', '24', 1),
(88, 'INGENIERIA DE LA PRODUCCION ', 14, '1', '24', 1),
(89, 'ADMINISTRACION', 7, '1', '24', 1),
(90, 'HUMANIDADES VII', 7, '1', '24', 1),
(91, 'LIDERAZGO SOCIAL', 7, '1', '24', 1),
(92, 'CONTABILIDAD III', 8, '3', '24', 1),
(93, 'HUMANIDADES VII', 7, '7', '24', 1),
(94, 'HUMANIDADES IV', 7, '4', '20', 1),
(95, 'FUNDAMENTOS DEL DERECHO', 7, '1', '24', 1);

-- --------------------------------------------------------

--
-- Estructura de tabla para la tabla `coordinadores_programas`
--

CREATE TABLE IF NOT EXISTS `coordinadores_programas` (
  `coordinador_id` int(11) NOT NULL,
  `programa_id` int(11) NOT NULL,
  KEY `fk_coordinadores_programas_programas1` (`programa_id`),
  KEY `fk_coordinadores_programas_usuarios1` (`coordinador_id`)
) ENGINE=InnoDB DEFAULT CHARSET=utf8 COLLATE=utf8_spanish_ci;

-- --------------------------------------------------------

--
-- Estructura de tabla para la tabla `cursos`
--

CREATE TABLE IF NOT EXISTS `cursos` (
  `id` int(11) NOT NULL AUTO_INCREMENT,
  `catedra_id` int(11) NOT NULL,
  `grupo` varchar(2) NOT NULL,
  `tutor_id` int(11) NOT NULL,
  `periodo_id` int(11) NOT NULL,
  `dia` varchar(1) NOT NULL,
  `hora` time NOT NULL,
  `estado` int(1) NOT NULL COMMENT '1: activo 0: inactivo',
  PRIMARY KEY (`id`),
  KEY `fk_cursos_usuarios1` (`tutor_id`),
  KEY `fk_cursos_catedra1` (`catedra_id`),
  KEY `fk_cursos_periodos1` (`periodo_id`)
) ENGINE=InnoDB  DEFAULT CHARSET=latin1 AUTO_INCREMENT=91 ;

--
-- Volcado de datos para la tabla `cursos`
--

INSERT INTO `cursos` (`id`, `catedra_id`, `grupo`, `tutor_id`, `periodo_id`, `dia`, `hora`, `estado`) VALUES
(1, 23, 'C', 22, 2, '1', '18:30:00', 0),
(2, 14, 'C', 12, 2, '1', '18:30:00', 1),
(3, 7, 'C', 2, 2, '1', '18:30:00', 0),
(4, 1, 'C', 6, 2, '1', '18:30:00', 1),
(5, 28, 'A', 13, 2, '2', '08:00:00', 1),
(6, 28, 'C', 13, 2, '2', '18:30:00', 1),
(7, 8, 'C', 3, 2, '2', '18:30:00', 0),
(8, 2, 'C', 7, 2, '2', '18:30:00', 0),
(9, 5, 'C', 23, 2, '2', '18:30:00', 0),
(10, 27, 'A', 24, 2, '3', '08:00:00', 0),
(11, 21, 'A', 9, 2, '3', '08:00:00', 0),
(12, 18, 'C', 14, 2, '3', '18:30:00', 1),
(13, 9, 'C', 4, 2, '3', '18:30:00', 0),
(14, 32, 'C', 14, 2, '4', '18:30:00', 1),
(15, 10, 'C', 5, 2, '4', '18:30:00', 0),
(16, 15, 'C', 13, 2, '4', '18:30:00', 1),
(17, 6, 'C', 8, 2, '4', '18:30:00', 0),
(18, 6, 'C', 11, 2, '4', '18:30:00', 1),
(19, 12, 'C', 25, 2, '4', '18:30:00', 0),
(20, 17, 'C', 15, 2, '5', '18:30:00', 1),
(21, 11, 'C', 2, 2, '5', '18:30:00', 0),
(22, 3, 'C', 14, 2, '5', '18:30:00', 1),
(23, 4, 'C', 10, 2, '5', '18:30:00', 1),
(24, 16, 'A', 2, 2, '6', '07:00:00', 0),
(25, 19, 'A', 9, 2, '6', '07:00:00', 0),
(26, 24, 'A', 16, 2, '6', '10:00:00', 0),
(27, 28, 'A', 13, 2, '6', '10:00:00', 1),
(28, 17, 'A', 9, 2, '6', '10:00:00', 1),
(29, 16, 'A', 26, 2, '1', '08:00:00', 0),
(30, 20, 'A', 27, 2, '5', '18:30:00', 0),
(31, 20, 'A', 15, 2, '6', '07:00:00', 1),
(32, 31, 'A', 17, 2, '6', '06:30:00', 0),
(33, 26, 'C', 17, 2, '6', '14:00:00', 0),
(34, 29, 'A', 9, 2, '6', '10:00:00', 1),
(35, 12, 'C', 40, 3, '2', '18:30:00', 0),
(36, 37, 'C', 2, 3, '3', '16:30:00', 0),
(37, 56, 'C', 4, 3, '1', '16:30:00', 0),
(38, 58, 'C', 23, 3, '2', '16:30:00', 0),
(39, 60, 'C', 17, 3, '3', '16:30:00', 0),
(40, 25, 'C', 41, 3, '5', '16:30:00', 0),
(41, 66, 'C', 10, 3, '5', '16:30:00', 1),
(42, 52, 'C', 4, 3, '4', '16:30:00', 0),
(43, 53, 'C', 42, 3, '5', '16:30:00', 0),
(44, 45, 'C', 17, 3, '1', '16:30:00', 0),
(45, 70, 'A', 43, 3, '3', '08:00:00', 0),
(46, 26, 'A', 17, 3, '1', '08:00:00', 0),
(47, 16, 'C', 24, 3, '1', '18:30:00', 0),
(48, 74, 'C', 41, 3, '2', '16:30:00', 0),
(49, 24, 'C', 2, 3, '4', '18:30:00', 1),
(50, 22, 'B', 22, 3, '6', '10:00:00', 0),
(51, 73, 'C', 22, 3, '6', '14:00:00', 0),
(52, 64, 'C', 46, 3, '4', '18:30:00', 0),
(53, 34, 'C', 47, 3, '1', '18:30:00', 0),
(54, 40, 'C', 47, 3, '4', '18:30:00', 0),
(55, 49, 'C', 48, 3, '3', '18:30:00', 0),
(56, 79, 'C', 49, 3, '5', '18:30:00', 0),
(57, 43, 'C', 50, 3, '5', '18:30:00', 0),
(58, 80, 'C', 26, 3, '2', '18:30:00', 0),
(59, 80, 'C', 23, 3, '2', '18:30:00', 0),
(60, 18, 'C', 14, 3, '2', '18:30:00', 1),
(61, 22, 'A', 22, 3, '3', '08:00:00', 1),
(62, 81, 'C', 48, 3, '3', '18:30:00', 0),
(63, 38, 'C', 2, 3, '3', '18:30:00', 0),
(64, 61, 'C', 40, 3, '3', '18:30:00', 0),
(65, 42, 'C', 52, 3, '4', '18:30:00', 0),
(66, 39, 'C', 53, 3, '3', '18:30:00', 0),
(67, 76, 'C', 41, 3, '4', '18:30:00', 1),
(68, 32, 'C', 14, 3, '4', '18:30:00', 1),
(69, 42, 'C', 4, 3, '4', '18:30:00', 0),
(70, 84, 'C', 47, 3, '4', '18:30:00', 0),
(71, 85, 'C', 54, 3, '4', '18:30:00', 0),
(72, 16, 'A', 13, 3, '5', '08:00:00', 1),
(73, 17, 'A', 26, 3, '5', '18:30:00', 0),
(74, 55, 'C', 40, 3, '5', '18:30:00', 0),
(75, 65, 'C', 41, 3, '5', '18:30:00', 1),
(76, 87, 'C', 55, 3, '5', '18:30:00', 0),
(77, 88, 'C', 56, 3, '2', '18:30:00', 0),
(78, 51, 'C', 56, 3, '4', '18:30:00', 0),
(79, 89, 'A', 58, 4, '2', '08:00:00', 1),
(80, 21, 'A', 59, 4, '2', '06:30:00', 1),
(81, 91, 'C', 2, 4, '2', '18:30:00', 0),
(82, 92, 'C', 14, 4, '2', '19:30:00', 1),
(83, 93, 'C', 4, 4, '2', '18:30:00', 1),
(84, 71, 'C', 2, 4, '5', '18:30:00', 0),
(85, 94, 'C', 4, 4, '5', '18:30:00', 1),
(86, 94, 'C', 60, 4, '5', '18:30:00', 1),
(87, 21, 'C', 23, 4, '5', '18:30:00', 1),
(88, 16, 'A', 17, 4, '6', '07:00:00', 1),
(89, 26, 'A', 17, 4, '6', '10:00:00', 1),
(90, 95, 'C', 61, 4, '1', '18:30:00', 1);

-- --------------------------------------------------------

--
-- Estructura de tabla para la tabla `cursos_grupos`
--

CREATE TABLE IF NOT EXISTS `cursos_grupos` (
  `id` int(11) NOT NULL AUTO_INCREMENT,
  `descripcion` varchar(50) COLLATE utf8_spanish_ci NOT NULL,
  PRIMARY KEY (`id`)
) ENGINE=MyISAM DEFAULT CHARSET=utf8 COLLATE=utf8_spanish_ci AUTO_INCREMENT=1 ;

-- --------------------------------------------------------

--
-- Estructura de tabla para la tabla `dias`
--

CREATE TABLE IF NOT EXISTS `dias` (
  `id` int(11) NOT NULL AUTO_INCREMENT,
  `dia` varchar(20) COLLATE utf8_spanish_ci NOT NULL,
  PRIMARY KEY (`id`)
) ENGINE=MyISAM  DEFAULT CHARSET=utf8 COLLATE=utf8_spanish_ci AUTO_INCREMENT=8 ;

--
-- Volcado de datos para la tabla `dias`
--

INSERT INTO `dias` (`id`, `dia`) VALUES
(1, 'Lunes'),
(2, 'Martes'),
(3, 'Miercoles'),
(4, 'Jueves'),
(5, 'Viernes'),
(6, 'Sábado'),
(7, 'Domingo');

-- --------------------------------------------------------

--
-- Estructura de tabla para la tabla `estudiantes_cursos`
--

CREATE TABLE IF NOT EXISTS `estudiantes_cursos` (
  `estudiante_id` int(11) NOT NULL,
  `curso_id` int(11) NOT NULL,
  KEY `fk_estudiantes_cursos_cursos1` (`curso_id`),
  KEY `fk_estudiantes_cursos_usuarios1` (`estudiante_id`)
) ENGINE=InnoDB DEFAULT CHARSET=utf8 COLLATE=utf8_spanish_ci;

-- --------------------------------------------------------

--
-- Estructura de tabla para la tabla `eval_tutores_estu`
--

CREATE TABLE IF NOT EXISTS `eval_tutores_estu` (
  `id` int(11) NOT NULL AUTO_INCREMENT,
  `estudiante_id` int(11) NOT NULL,
  `tutor_id` int(11) NOT NULL,
  `curso_id` int(11) NOT NULL,
  `periodo_id` int(11) NOT NULL,
  `concepto_tutor` int(1) NOT NULL COMMENT 'e=excelente, b=bueno, r=regular, m=malo',
  PRIMARY KEY (`id`),
  KEY `fk_eval_tutores_estu_usuarios1` (`estudiante_id`),
  KEY `fk_eval_tutores_estu_usuarios2` (`tutor_id`),
  KEY `fk_eval_tutores_estu_cursos1` (`curso_id`)
) ENGINE=InnoDB DEFAULT CHARSET=latin1 AUTO_INCREMENT=1 ;

-- --------------------------------------------------------

--
-- Estructura de tabla para la tabla `eval_tutores_preg`
--

CREATE TABLE IF NOT EXISTS `eval_tutores_preg` (
  `id` int(11) NOT NULL AUTO_INCREMENT,
  `pregunta` varchar(255) NOT NULL,
  PRIMARY KEY (`id`)
) ENGINE=InnoDB  DEFAULT CHARSET=latin1 AUTO_INCREMENT=16 ;

--
-- Volcado de datos para la tabla `eval_tutores_preg`
--

INSERT INTO `eval_tutores_preg` (`id`, `pregunta`) VALUES
(1, 'En la primera tutoria pactó reglas de juego? (coherente con el reglamento estudiantil)'),
(2, 'Cumplió con el cronograma establecido para tutorias y evaluaciones?'),
(3, 'Hubo puntualidad y aclaraciones suficientes en el inicio de la Hora de Clase?'),
(4, 'Orientó correctamente el desarrollo de los fascículos de la asignatura?'),
(5, 'El tutor posee amplio conocimiento de su asignatura, y amplía las fuentes de conocimiento y bibliografía?'),
(6, 'Aportó en conocimiento, experiencia y visión complementaria de los contenidos programáticos?'),
(7, 'El conocimiento adquirido fue proyectado socialmente en beneficio de la comunidad local donde usted se desempeña en el entorno que lo rodea?'),
(8, ' Desarrolló valores de pertenencia propios de la misión de nuestra universidad y compromiso institucional en su labor académica?'),
(9, 'Empleó espacios para la investigación, contextos complementarios, internet, video y/o otros?'),
(10, 'En su discurso y en su práctica proyectó profundidad y manejo del tema investigativo?'),
(11, 'Durante todo el proceso académico el tutor fue llevando claras formas de investigación.'),
(12, 'La metodología y la pedagogía desarrollada llenó las espectativas para la comprensión de los diferentes temas?'),
(13, 'Evaluo con imparcialidad y claridad ; atendió oportunamente las asesorías y orientaciones solicitadas por el estudiante? '),
(14, 'Durante las tutorías su relación con los estudiantes fue con cordialidad y profesionalismo?'),
(15, 'A nivel pedagógico es ordenado, claro, concreto y permite avanzar en el proceso del conocimiento?');

-- --------------------------------------------------------

--
-- Estructura de tabla para la tabla `eval_tutores_resp`
--

CREATE TABLE IF NOT EXISTS `eval_tutores_resp` (
  `id` int(11) NOT NULL AUTO_INCREMENT,
  `eval_id` int(11) NOT NULL,
  `pregunta_id` int(11) NOT NULL,
  `respuesta` varchar(1) NOT NULL COMMENT 's - n',
  PRIMARY KEY (`id`),
  KEY `fk_eval_tutores_resp_eval_tutores_preg1` (`pregunta_id`),
  KEY `fk_eval_tutores_resp_eval_tutores_estu1` (`eval_id`)
) ENGINE=InnoDB DEFAULT CHARSET=latin1 AUTO_INCREMENT=1 ;

-- --------------------------------------------------------

--
-- Estructura de tabla para la tabla `periodos`
--

CREATE TABLE IF NOT EXISTS `periodos` (
  `id` int(11) NOT NULL AUTO_INCREMENT,
  `anio` varchar(4) NOT NULL,
  `semestre` int(1) NOT NULL COMMENT '1 ó 2',
  `vigente` int(1) NOT NULL DEFAULT '0',
  PRIMARY KEY (`id`)
) ENGINE=InnoDB  DEFAULT CHARSET=latin1 AUTO_INCREMENT=9 ;

--
-- Volcado de datos para la tabla `periodos`
--

INSERT INTO `periodos` (`id`, `anio`, `semestre`, `vigente`) VALUES
(2, '2012', 2, 0),
(3, '2013', 1, 1),
(4, '2013', 2, 0),
(5, '2014', 1, 0),
(6, '2014', 2, 0),
(7, '2015', 1, 0),
(8, '2015', 2, 0);

-- --------------------------------------------------------

--
-- Estructura de tabla para la tabla `programas`
--

CREATE TABLE IF NOT EXISTS `programas` (
  `id` int(11) NOT NULL AUTO_INCREMENT,
  `programa` varchar(255) NOT NULL,
  `descripcion` varchar(45) NOT NULL,
  PRIMARY KEY (`id`)
) ENGINE=InnoDB  DEFAULT CHARSET=latin1 AUTO_INCREMENT=15 ;

--
-- Volcado de datos para la tabla `programas`
--

INSERT INTO `programas` (`id`, `programa`, `descripcion`) VALUES
(1, 'MERCADEO Y PUBLICIDAD', 'TÉCNICO'),
(2, 'DISEÑO GRAFICO Y PUBLICITARIO', 'TÉCNICO'),
(3, 'PROCEDIMIENTOS JUDICIALES  (CRIMINALISTICA)', 'TÉCNICO'),
(4, 'ADMINISTRACION FINANCIERA Y COMERCIAL', 'TÉCNICO'),
(5, 'NEGOCIOS INTERNACIONALES', 'TÉCNICO'),
(6, 'HOTELERIA Y TURISMO', 'TÉCNICO'),
(7, 'ADMINISTRACION EMPRESARIAL Y DEL TALENTO HUMANO', 'TÉCNICO'),
(8, 'SISTEMAS CONTABLES', 'TÉCNICO'),
(9, 'ASISTENTE EJECUTIVA EN ALTA GERENCIA', 'TÉCNICO'),
(10, 'REDES Y TELECOMUNICACIONES', 'TÉCNICO'),
(11, 'MANTENIMIENTO DE COMPUTADORES', 'TÉCNICO'),
(12, 'INGENIERIA DE SISTEMAS', 'PROFESIONAL'),
(13, 'CONTADURIA PUBLICA', 'PROFESIONAL'),
(14, 'ADMNISTRACION DE NEGOCIOS INTERNACIONALES', 'PROFESIONAL');

-- --------------------------------------------------------

--
-- Estructura de tabla para la tabla `telefonos`
--

CREATE TABLE IF NOT EXISTS `telefonos` (
  `id` int(11) NOT NULL,
  `telefono` varchar(45) NOT NULL,
  `usuarios_id` int(11) NOT NULL,
  PRIMARY KEY (`id`),
  KEY `fk_telefonos_usuarios1` (`usuarios_id`)
) ENGINE=InnoDB DEFAULT CHARSET=latin1;

-- --------------------------------------------------------

--
-- Estructura de tabla para la tabla `usuarios`
--

CREATE TABLE IF NOT EXISTS `usuarios` (
  `id` int(11) NOT NULL AUTO_INCREMENT,
  `nombres` varchar(100) NOT NULL,
  `apellidos` varchar(100) NOT NULL,
  `login` varchar(20) NOT NULL COMMENT 'cédula',
  `password` varchar(36) NOT NULL,
  `email` varchar(100) NOT NULL,
  `creado` datetime NOT NULL,
  `modificado` datetime NOT NULL,
  `ultimoingreso` datetime NOT NULL,
  `activo` char(1) NOT NULL COMMENT '1 = activo\n0 = Inactivo',
  `esadmin` char(1) NOT NULL DEFAULT '0' COMMENT '0 = no es admin\n1 = es admin',
  PRIMARY KEY (`id`)
) ENGINE=InnoDB  DEFAULT CHARSET=latin1 AUTO_INCREMENT=62 ;

--
-- Volcado de datos para la tabla `usuarios`
--

INSERT INTO `usuarios` (`id`, `nombres`, `apellidos`, `login`, `password`, `email`, `creado`, `modificado`, `ultimoingreso`, `activo`, `esadmin`) VALUES
(1, 'ADMINISTRADOR', 'DEL SISTEMA', 'admin', 'd73b128b9c86524c362ab4420c987827:f2', 'admin@admin.com', '2012-03-23 05:31:47', '2012-05-11 14:38:36', '2013-01-28 14:22:37', '1', '1'),
(2, 'ZULMA ', 'ESPINOSA BERMUDEZ', '40388597', '14d22664f897b6a69d7c104a3ed62988', 'zulmaespinosab@hotmail.com', '2012-09-25 11:56:25', '2012-09-25 11:56:25', '0000-00-00 00:00:00', '1', '0'),
(3, 'CAROL PAULIN', 'MORA VERGEL ', '1120353198', '08506b84827e359d3d8c642d2fa5f3ba', 'tutopia_karol@hotmail.com', '2012-09-25 11:56:26', '2012-09-25 11:56:26', '0000-00-00 00:00:00', '1', '0'),
(4, 'HECTOR JULIO', 'DIAZ CONTRERAS', '13259260', '77141c7fbad77f268b2ee1ad314b30d3', 'herjudico1958@gmail.com', '2012-09-25 11:56:26', '2012-09-27 18:21:45', '0000-00-00 00:00:00', '1', '0'),
(5, 'NATALIA', 'ROJAS RAMOS', '40333061', 'fd3b9755ad36419c0abbb983d4285d8f', 'nataliarojasramos@hotmail.com', '2012-09-25 11:56:26', '2012-09-25 11:56:26', '0000-00-00 00:00:00', '1', '0'),
(6, 'INGRID JANETH', 'MORALES MOLINA', '51930304', 'af114e0c56ee853776ef9650194dbfc2', 'docentevillavicencio@gmail.com', '2012-09-25 11:56:26', '2012-09-25 11:56:26', '0000-00-00 00:00:00', '1', '0'),
(7, 'FRANCISCO JAVIER', 'RINCON TOVAR', '86070643', '847758c8ce21a3b8239d2fa1c83ea899', 'javipos@hotmail.com', '2012-09-25 11:56:26', '2012-09-28 17:32:36', '0000-00-00 00:00:00', '1', '0'),
(8, 'CLAUDIA MARCELA ', 'CELEITA RAMIREZ', '40397013', '5a70af44fc9eb674d35a43aa7ed1798d', 'claudialinda40@hotmail.com', '2012-09-25 11:56:26', '2012-09-25 11:56:26', '0000-00-00 00:00:00', '1', '0'),
(9, 'SANDRA LILIANA ', 'URREA ORTIZ', '30080569', 'ac43c6f3b4dcce4011956d64450d3e59', 'urreaortizsandra@hotmail.com', '2012-09-25 11:56:26', '2012-10-10 17:02:45', '0000-00-00 00:00:00', '1', '0'),
(10, 'LUIS EMIRO ', 'CAMELO CASTRO', '93362290', '0dca0fef1ad132a14c85569c77693a45', 'lcameloc@dian.gov.co', '2012-09-25 11:56:26', '2012-09-25 11:56:26', '0000-00-00 00:00:00', '1', '0'),
(11, 'EDITHSON ANDRES', 'REYES LERMA', '1121818306', '9e0c582e05f4230fe4db575b17dd3978', 'ipandresr@hotmail.com', '2012-09-25 11:56:26', '2012-09-25 11:56:26', '0000-00-00 00:00:00', '1', '0'),
(12, 'BAUDILIO DE JESUS', 'PUENTES GOMEZ', '19265283', 'c21bd5f581317be4e450a1c2aad94512', 'baudiliopu@hotmail.com', '2012-09-25 11:56:26', '2012-09-25 11:56:26', '0000-00-00 00:00:00', '1', '0'),
(13, 'PAULA YAMILE', 'DUQUE MANRIQUE', '52821484', '0ae4ec011ae2d188345a0dbdbd377069', 'pydm@hotmail.com', '2012-09-25 11:56:26', '2012-09-25 11:56:26', '0000-00-00 00:00:00', '1', '0'),
(14, 'DIEGO ARMANDO ', 'GARCIA LOZANO', '1121831948', '6294bc052c6c2846f0610d5fbd5be868', 'diegogalo-garcia@hotmail.com', '2012-09-25 11:56:26', '2012-09-25 11:56:26', '0000-00-00 00:00:00', '1', '0'),
(15, 'JESUS HERACLIO', 'MUÑOZ  ACUÑA', '3274105', '366e05c74f6b11a57fbb82611779d966', 'jesmuz15@yahoo.es', '2012-09-25 11:56:26', '2013-02-02 08:10:03', '0000-00-00 00:00:00', '1', '0'),
(16, 'ASDRUBAL ', 'CHITIVA RODRIGUEZ', '7060553', '221d14ff9efee55cbfdbde96d1fbbc0b', 'asdchitiva@gmail.com', '2012-09-25 11:56:26', '2012-09-25 11:56:26', '0000-00-00 00:00:00', '1', '0'),
(17, 'OLGA ROCIO ', 'LAGOS', '23350627', 'c76dbace8fed059f691e82f529955864', 'rociolag@hotmail.com', '2012-09-25 11:56:26', '2012-09-25 11:56:26', '0000-00-00 00:00:00', '1', '0'),
(18, 'EDISON', 'GALINDO A.', '86060780', '0476a12cc8c958ac725ce56e925b5f83:89', 'egalindo@elficsoft.com', '2012-09-25 15:25:35', '2012-09-27 10:18:54', '0000-00-00 00:00:00', '1', '0'),
(19, 'LEYDER HERNAN', 'LOPEZ DÍAZ', '86076534', '81906418b66526d04f430c01d84b9657:a7', 'lhlopezd@gmail.com', '2012-09-27 16:35:12', '2012-09-27 16:35:12', '2013-09-23 09:12:00', '1', '1'),
(20, 'EDWIN ALBEIRO', 'RAMOS VILLAMIL', '7318924', '1050d77b2896c57d144c6fcbc4129206:2c', 'villaramos_23@hotmail.com', '2012-09-28 11:19:58', '2012-09-28 11:19:58', '0000-00-00 00:00:00', '1', '0'),
(21, 'NOHORA NALLYBE', 'BETANCOURT HERNANDEZ', '1121832920', 'f77f15298776a54f580030c20c244448:b7', 'chata8714@hotmail.com', '2012-10-01 08:03:43', '2012-10-01 08:03:43', '0000-00-00 00:00:00', '1', '0'),
(22, 'HERNAN MAURICIO', 'URAZAN', '79361606', 'f3738767284495aed43a7c38f1850bc2:4b', 'hernanurazan@hotmail.com', '2012-10-01 16:40:46', '2012-10-01 16:41:36', '0000-00-00 00:00:00', '1', '0'),
(23, 'MARTHA CECILIA', ' ROMERO', '40402637', 'b701f42668f6e255e7c5280ae1bd04c1:92', 'marthacrc@hotmail.com', '2012-10-02 11:38:28', '2012-10-02 11:38:35', '0000-00-00 00:00:00', '1', '0'),
(24, 'GERMAN', 'FUENTES RODRIGUEZ', '86071307', '4f32791557c3a8fc6ff2b95c2abb3c22:f6', 'germanfuentes2009@gmail.com', '2012-10-02 20:16:59', '2012-10-02 20:17:06', '0000-00-00 00:00:00', '1', '0'),
(25, 'YEIMY PAOLA', 'TOVAR PEÑA', '40341848', '4cd55d6f0300aab3ea1db891c61ad179:db', 'emprendimiento@meta.gov.co', '2012-10-04 17:59:45', '2012-10-04 17:59:58', '0000-00-00 00:00:00', '1', '0'),
(26, 'GIOVANNI ENRIQUE', 'HERNANDEZ CASALLAS', '79653138', 'fab5c5265d5c43ae78aa2e5778d1c46c:ea', 'giovanniporvillavicencio@hotmail.com', '2012-10-08 08:06:33', '2012-10-08 08:06:33', '0000-00-00 00:00:00', '1', '0'),
(27, 'NESTOR GEOVANNY', 'CURREA ROBLEDO', '86068431', '42e8da21ffba1a80fbee79b30e284fc4:91', 'yova1281@hotmail.com', '2012-10-12 08:20:06', '2012-10-12 08:20:06', '0000-00-00 00:00:00', '1', '0'),
(28, 'LILIANA ', 'GARCIA', '1120560719', '34de25c05cc4ceb471cf22c780ac2caa:ce', 'yeligar8@hotmail.com', '2012-10-30 09:56:50', '2012-10-30 10:13:42', '0000-00-00 00:00:00', '1', '0'),
(29, 'IVONE YURDEITH', 'CUCAITA FERNANDEZ', '1121880579', '4cb51254a5e89e29fad5d8cd38947d07:14', 'ivone.fdz@gmail.com', '2012-10-30 09:58:33', '2012-11-02 08:15:11', '0000-00-00 00:00:00', '1', '0'),
(30, 'VICTOR', 'LEON', '17334153', 'f8240e5373b2d8393705c6d3cb878d3f:02', 'victorleon.uniremington@gmail.com', '2012-10-30 09:59:40', '2012-10-30 09:59:40', '0000-00-00 00:00:00', '1', '1'),
(31, 'OMAIRA ', 'LONDOÑO MARIN', '30276056', '29db88a4da8f3bd6f99dc254113e6cfa:04', 'omairita422@hotmail.com', '2012-10-30 10:00:37', '2012-11-02 08:16:01', '0000-00-00 00:00:00', '1', '0'),
(32, 'JINJAR', 'ARIAS', '1121865569', '0f2b77e37b92182edec0f68113a450f8:27', 'auxcontremington@gmail.com', '2012-10-30 10:01:48', '2012-11-02 08:15:42', '0000-00-00 00:00:00', '1', '0'),
(33, 'LUZ ANGELICA', 'AMAYA', '40187915', '5ab93480bbf759376255184ee83674cd:11', 'angelicaamaya1981@hotmail.com', '2012-10-30 10:02:52', '2012-10-30 10:02:52', '0000-00-00 00:00:00', '1', '0'),
(34, 'INGRID', 'MONTEALEGRE VELA', '1121850424', '5b4c3e4f465c077c193f841d3dd53f87:51', 'ingrid.m.3@hotmail.com', '2012-10-30 10:04:17', '2012-10-30 10:04:17', '0000-00-00 00:00:00', '1', '0'),
(35, 'CLAUDIA LILIANA ', 'CAICEDO GUZMAN', '51978102', 'aa6531be70adca03f56790a508a9bd8d:59', 'registro.ciberctec@hotmail.com', '2012-10-30 10:07:10', '2012-10-30 10:19:24', '0000-00-00 00:00:00', '1', '0'),
(36, 'MARIO ALEJANDRO', 'LONDOÑO PINO', '86063654', 'd819118460f0a81d447aabb8f2fc58bc:d0', 'alejom3@gmail.com', '2012-10-30 10:23:14', '2012-10-30 10:23:14', '0000-00-00 00:00:00', '1', '0'),
(37, 'FABIO EDUARDO', 'HERRERA ', '13743323', 'aa2f771f210229e3028ea889cbc3f8da:22', 'COORDINACIONPROGRAMASOCIAL@HOTMAIL.COM', '2012-10-31 16:21:12', '2012-10-31 16:21:12', '0000-00-00 00:00:00', '1', '0'),
(38, 'ALDO GERARDO ', 'RIVERA', '69967169', '013a52c4d773bf9347d816b57970bd3b:82', 'river.aldo@gmail.com', '2012-11-03 10:34:53', '2012-11-03 10:34:53', '0000-00-00 00:00:00', '1', '0'),
(39, 'santiago', 'herrera', '123456', '41431ecf463ca69c7de8b212fe16c519:0b', 'notiene@gmail.com', '2012-11-18 07:36:40', '2012-11-18 07:36:40', '0000-00-00 00:00:00', '1', '0'),
(40, 'WILSON', 'AYALA ACEVEDO ', '16160087', '84a0f0a99e4fa9c518a921468c1f0af5:d2', 'wilson.ayala@campusucc.edu.co', '2013-01-30 11:30:29', '2013-01-30 11:30:29', '0000-00-00 00:00:00', '1', '0'),
(41, 'FEIBERT', 'GUZMAN PEREZ ', '80770621', '68288bbb57704a401da1ce911d610f73:d5', 'feibert_31@hotmail.com', '2013-01-30 11:32:44', '2013-01-30 11:32:44', '0000-00-00 00:00:00', '1', '0'),
(42, 'LUIS GONZALO', 'PRADO OSPINA ', '17332141', '012a69a375a972b1236eac93788f5578:3b', 'gpo137@hotmail.com', '2013-01-30 11:34:37', '2013-01-30 11:34:37', '0000-00-00 00:00:00', '1', '0'),
(43, 'ADRIANA ', 'AULLON CIFUENTES', '40388611', '00de9f87e72d032aebeac2a82ccae6ef:e1', 'adrianajaullon@gmail.com', '2013-01-30 15:09:12', '2013-01-30 15:09:12', '0000-00-00 00:00:00', '1', '1'),
(44, 'MAYRA JUDITH', 'GROSSO GUZMAN', '23467982', '64c13aa06272765c00bad7d297a4eb79:8e', 'mayragrosso@gmail.com', '2013-02-02 08:11:13', '2013-02-02 08:11:13', '0000-00-00 00:00:00', '1', '0'),
(45, 'Diana Elena', 'Rubio Pinzon', '52882126', '629e8052a2d5aaf41ba0ecf5e6043797:08', 'honey_diana@yahoo.com', '2013-02-04 07:52:44', '2013-02-04 07:52:44', '0000-00-00 00:00:00', '1', '0'),
(46, 'LIGIA MARCELA', 'CADENA MEJIA', '43220297', 'e20efc0ea9422a6fefde8f3d5d8d0768:ca', 'marcecadena@hotmail.com', '2013-02-04 09:01:50', '2013-02-04 09:01:50', '0000-00-00 00:00:00', '1', '0'),
(47, 'SAUL', ' RODRIGUEZ HERNANDEZ', '17330053', '47bf15fbab9093ee96fe42da29613e9d:f5', 'herosa65@hotmail.com', '2013-02-04 18:05:38', '2013-02-04 18:05:38', '0000-00-00 00:00:00', '1', '0'),
(48, 'PEDRO ', 'ESPAÑA RODRIGUEZ', '1121838715', '2dda470901f15e02747d5fdb83c35d9e:39', 'pler.espa@gmail.com', '2013-02-05 16:17:13', '2013-02-05 16:17:13', '0000-00-00 00:00:00', '1', '0'),
(49, 'JHON FREDY', 'PERILLA APOLINAR', '86067050', '76ec4d9496b54233b5698238a3150f89:ea', 'jonypex@hotmail.com', '2013-02-08 17:55:08', '2013-02-08 17:55:08', '0000-00-00 00:00:00', '1', '1'),
(50, 'AURA MIGDONIA', 'HERNANDEZ VELASQUEZ', '20855511', '9239d9d60916336f21d53d61eb0572cf:84', 'auramigdo@gmail.com', '2013-02-08 18:10:58', '2013-02-08 18:10:58', '0000-00-00 00:00:00', '1', '1'),
(51, 'MAURICIO ', 'ISAZA CORREDOR', '11313873', '10f70d2687a342d5bf302b695c4c45a6:0b', 'mauricioisazacorredor@hotmail.com', '2013-03-19 16:15:26', '2013-03-19 16:15:26', '0000-00-00 00:00:00', '1', '0'),
(52, 'OSWALDO ENRIQUE', 'CHARRYS BRAVO', '18939414', '3df53e3ac44c71d219d05bbc509d48e9:86', 'oswaldo.charry@icbf.gov.co', '2013-04-17 15:05:36', '2013-04-17 15:05:36', '0000-00-00 00:00:00', '1', '0'),
(53, 'INDIRA SUSANA', 'PARRADO RUIZ', '40189342', 'eba3422f82b939a24f904f3e279943d4:e4', 'indira.parrado@unillanos.edu.co', '2013-04-17 18:06:15', '2013-04-17 18:06:15', '0000-00-00 00:00:00', '1', '0'),
(54, 'GIOVANNY ', 'TOVAR ROMERO', '3276633', '5885f7bb1a71d7da3ce19251d908ebc9:55', 'cpyovanytovarromero@hotmail.com', '2013-04-18 17:40:32', '2013-04-18 17:40:32', '0000-00-00 00:00:00', '1', '1'),
(55, 'MIGUEL OSCAR', 'BOLAÑOS', '17337071', 'da6bb436efdf145b49e1d216fb59d068:0b', 'Miguelbg27@gmail.com', '2013-04-19 21:40:32', '2013-04-19 21:40:32', '0000-00-00 00:00:00', '1', '1'),
(56, 'NANCY ', 'SARAY', '40378856', 'f59e2812a54b43ef1fbc6726f3bfc5ca:3c', 'esperanzasaray@gmail.com', '2013-04-23 17:33:52', '2013-04-23 17:33:52', '0000-00-00 00:00:00', '1', '1'),
(57, 'DIANA CAROLINA', 'VELAZCO', '1113526955', 'b1e919f996ea3ef2b2e654fcb8ae1275:b1', 'k-lito.9223@hotmail.com', '2013-07-26 16:50:46', '2013-07-26 16:51:35', '0000-00-00 00:00:00', '1', '0'),
(58, 'EDGAR MAURICIO ', 'DURAN HERNANDEZ', '9434193', '926a6c7e18adc429fb7243957b7b1c21:0b', 'maurisioduran@yahoo.es', '2013-07-30 08:01:59', '2013-07-30 08:01:59', '0000-00-00 00:00:00', '1', '0'),
(59, 'LEIDY VERONICA', 'CARVAJAL CRUZ', '40216492', '49e2f4974e97a3ab80f350dff06ef5b7:53', 'vero82_cc@hotmail.com', '2013-07-30 10:26:11', '2013-07-30 10:26:11', '0000-00-00 00:00:00', '1', '0'),
(60, 'YISETH PAOLA', 'HERRERA GOMEZ', '40327281', '198385dbfad953458036c0abfa9645b1:ef', 'yisethpaolah@yahoo.es', '2013-08-02 07:55:12', '2013-08-02 07:55:12', '0000-00-00 00:00:00', '1', '0'),
(61, 'SATURIA JOHANA', 'RUIZ', '40187319', '06055f748a4b9d8355fef6ffa50d9cd2:e3', 'airutas@hotmail.com', '2013-08-05 17:24:01', '2013-08-05 17:24:01', '0000-00-00 00:00:00', '1', '1');

-- --------------------------------------------------------

--
-- Estructura de tabla para la tabla `usuarios_auths`
--

CREATE TABLE IF NOT EXISTS `usuarios_auths` (
  `usuarios_grupo_id` int(10) NOT NULL,
  `usuarios_permiso_id` int(10) NOT NULL,
  KEY `fk_usuarios_auths_usuarios_grupos1` (`usuarios_grupo_id`),
  KEY `fk_usuarios_auths_usuarios_permisos1` (`usuarios_permiso_id`)
) ENGINE=InnoDB DEFAULT CHARSET=latin1;

-- --------------------------------------------------------

--
-- Estructura de tabla para la tabla `usuarios_grupos`
--

CREATE TABLE IF NOT EXISTS `usuarios_grupos` (
  `usuarios_grupo_id` int(11) NOT NULL AUTO_INCREMENT,
  `usuarios_grupo_nombre` varchar(100) CHARACTER SET latin1 NOT NULL,
  PRIMARY KEY (`usuarios_grupo_id`)
) ENGINE=InnoDB  DEFAULT CHARSET=utf8 COLLATE=utf8_spanish_ci AUTO_INCREMENT=6 ;

--
-- Volcado de datos para la tabla `usuarios_grupos`
--

INSERT INTO `usuarios_grupos` (`usuarios_grupo_id`, `usuarios_grupo_nombre`) VALUES
(1, 'Dirección'),
(2, 'Coordinador'),
(3, 'Funcionario'),
(4, 'Tutor'),
(5, 'Estudiante');

-- --------------------------------------------------------

--
-- Estructura de tabla para la tabla `usuarios_grupos_links`
--

CREATE TABLE IF NOT EXISTS `usuarios_grupos_links` (
  `id` int(11) NOT NULL AUTO_INCREMENT,
  `usuario_id` int(11) NOT NULL DEFAULT '0',
  `usuarios_grupo_id` int(11) NOT NULL DEFAULT '0',
  PRIMARY KEY (`id`),
  KEY `usuario_id` (`usuario_id`,`usuarios_grupo_id`),
  KEY `fk_usuarios_grupos_links_usuarios1` (`usuario_id`),
  KEY `fk_usuarios_grupos_links_usuarios_grupos1` (`usuarios_grupo_id`)
) ENGINE=InnoDB  DEFAULT CHARSET=latin1 AUTO_INCREMENT=73 ;

--
-- Volcado de datos para la tabla `usuarios_grupos_links`
--

INSERT INTO `usuarios_grupos_links` (`id`, `usuario_id`, `usuarios_grupo_id`) VALUES
(1, 2, 4),
(2, 3, 4),
(3, 4, 4),
(4, 5, 4),
(5, 6, 4),
(6, 7, 4),
(7, 8, 4),
(8, 9, 4),
(9, 10, 4),
(10, 11, 4),
(11, 12, 4),
(12, 13, 4),
(13, 14, 4),
(51, 15, 3),
(15, 16, 4),
(16, 17, 4),
(17, 18, 4),
(22, 19, 2),
(21, 19, 3),
(23, 22, 4),
(24, 23, 4),
(25, 24, 4),
(26, 24, 4),
(27, 25, 4),
(28, 26, 4),
(29, 26, 4),
(30, 27, 4),
(31, 28, 3),
(32, 28, 3),
(33, 29, 3),
(34, 30, 3),
(35, 31, 3),
(36, 31, 3),
(37, 32, 3),
(38, 33, 3),
(39, 34, 3),
(40, 35, 3),
(41, 36, 3),
(42, 36, 3),
(44, 37, 3),
(45, 37, 3),
(43, 38, 4),
(46, 39, 5),
(47, 40, 4),
(48, 41, 4),
(49, 42, 4),
(50, 43, 4),
(52, 44, 3),
(53, 45, 3),
(54, 45, 3),
(55, 46, 4),
(56, 47, 4),
(57, 48, 4),
(58, 49, 4),
(59, 50, 4),
(60, 51, 3),
(61, 52, 4),
(62, 53, 4),
(63, 54, 4),
(64, 54, 4),
(65, 55, 4),
(66, 56, 4),
(67, 57, 3),
(68, 58, 4),
(69, 59, 4),
(71, 60, 4),
(72, 61, 4);

-- --------------------------------------------------------

--
-- Estructura de tabla para la tabla `usuarios_permisos`
--

CREATE TABLE IF NOT EXISTS `usuarios_permisos` (
  `usuarios_permiso_id` int(11) NOT NULL AUTO_INCREMENT,
  `usuarios_permiso_nombre` varchar(100) NOT NULL,
  `usuarios_permiso_nombre_humano` varchar(100) NOT NULL,
  PRIMARY KEY (`usuarios_permiso_id`)
) ENGINE=InnoDB  DEFAULT CHARSET=latin1 AUTO_INCREMENT=12 ;

--
-- Volcado de datos para la tabla `usuarios_permisos`
--

INSERT INTO `usuarios_permisos` (`usuarios_permiso_id`, `usuarios_permiso_nombre`, `usuarios_permiso_nombre_humano`) VALUES
(1, 'USUARIOS_R', 'Usuarios Lectura'),
(2, 'USUARIOS_W', 'Usuarios Escritura'),
(3, 'CURSOS_R', 'Lectura Cursos - Tutores'),
(4, 'CURSOS_W', 'Creación - Edición de Cursos'),
(5, 'EVALUACION_R', 'Evaluación Lectura'),
(6, 'EVALUACION_W', 'Evaluación Escritura'),
(7, 'asistencia_r', 'Lectura Asistencia'),
(8, 'asistencia_w', 'Escritura Asistencia'),
(9, 'agenda_r', 'Lectura Agenda'),
(10, 'agenda_w', 'Escritura Agenda'),
(11, 'reportes', 'Reportes');

--
-- Restricciones para tablas volcadas
--

--
-- Filtros para la tabla `agendas`
--
ALTER TABLE `agendas`
  ADD CONSTRAINT `fk_agendas_cursos1` FOREIGN KEY (`curso_id`) REFERENCES `cursos` (`id`) ON DELETE NO ACTION ON UPDATE NO ACTION;

--
-- Filtros para la tabla `asistencias`
--
ALTER TABLE `asistencias`
  ADD CONSTRAINT `fk_asistencia_tutores_usuarios1` FOREIGN KEY (`usuario_id`) REFERENCES `usuarios` (`id`) ON DELETE NO ACTION ON UPDATE NO ACTION;

--
-- Filtros para la tabla `asistencias_tutores`
--
ALTER TABLE `asistencias_tutores`
  ADD CONSTRAINT `fk_asistencias_tutores_asistencias1` FOREIGN KEY (`asistencias_id`) REFERENCES `asistencias` (`id`) ON DELETE NO ACTION ON UPDATE NO ACTION,
  ADD CONSTRAINT `fk_asistencias_tutores_cursos1` FOREIGN KEY (`curso_id`) REFERENCES `cursos` (`id`) ON DELETE NO ACTION ON UPDATE NO ACTION;

--
-- Filtros para la tabla `catedra`
--
ALTER TABLE `catedra`
  ADD CONSTRAINT `fk_catedra_programas1` FOREIGN KEY (`programas_id`) REFERENCES `programas` (`id`) ON DELETE NO ACTION ON UPDATE NO ACTION;

--
-- Filtros para la tabla `coordinadores_programas`
--
ALTER TABLE `coordinadores_programas`
  ADD CONSTRAINT `fk_coordinadores_programas_programas1` FOREIGN KEY (`programa_id`) REFERENCES `programas` (`id`) ON DELETE NO ACTION ON UPDATE NO ACTION,
  ADD CONSTRAINT `fk_coordinadores_programas_usuarios1` FOREIGN KEY (`coordinador_id`) REFERENCES `usuarios` (`id`) ON DELETE NO ACTION ON UPDATE NO ACTION;

--
-- Filtros para la tabla `cursos`
--
ALTER TABLE `cursos`
  ADD CONSTRAINT `fk_cursos_catedra1` FOREIGN KEY (`catedra_id`) REFERENCES `catedra` (`id`) ON DELETE NO ACTION ON UPDATE NO ACTION,
  ADD CONSTRAINT `fk_cursos_periodos1` FOREIGN KEY (`periodo_id`) REFERENCES `periodos` (`id`) ON DELETE NO ACTION ON UPDATE NO ACTION,
  ADD CONSTRAINT `fk_cursos_usuarios1` FOREIGN KEY (`tutor_id`) REFERENCES `usuarios` (`id`) ON DELETE NO ACTION ON UPDATE NO ACTION;

--
-- Filtros para la tabla `estudiantes_cursos`
--
ALTER TABLE `estudiantes_cursos`
  ADD CONSTRAINT `fk_estudiantes_cursos_cursos1` FOREIGN KEY (`curso_id`) REFERENCES `cursos` (`id`) ON DELETE NO ACTION ON UPDATE NO ACTION,
  ADD CONSTRAINT `fk_estudiantes_cursos_usuarios1` FOREIGN KEY (`estudiante_id`) REFERENCES `usuarios` (`id`) ON DELETE NO ACTION ON UPDATE NO ACTION;

--
-- Filtros para la tabla `eval_tutores_estu`
--
ALTER TABLE `eval_tutores_estu`
  ADD CONSTRAINT `fk_eval_tutores_estu_cursos1` FOREIGN KEY (`curso_id`) REFERENCES `cursos` (`id`) ON DELETE NO ACTION ON UPDATE NO ACTION,
  ADD CONSTRAINT `fk_eval_tutores_estu_usuarios1` FOREIGN KEY (`estudiante_id`) REFERENCES `usuarios` (`id`) ON DELETE NO ACTION ON UPDATE NO ACTION,
  ADD CONSTRAINT `fk_eval_tutores_estu_usuarios2` FOREIGN KEY (`tutor_id`) REFERENCES `usuarios` (`id`) ON DELETE NO ACTION ON UPDATE NO ACTION;

--
-- Filtros para la tabla `eval_tutores_resp`
--
ALTER TABLE `eval_tutores_resp`
  ADD CONSTRAINT `fk_eval_tutores_resp_eval_tutores_estu1` FOREIGN KEY (`eval_id`) REFERENCES `eval_tutores_estu` (`id`) ON DELETE NO ACTION ON UPDATE NO ACTION,
  ADD CONSTRAINT `fk_eval_tutores_resp_eval_tutores_preg1` FOREIGN KEY (`pregunta_id`) REFERENCES `eval_tutores_preg` (`id`) ON DELETE NO ACTION ON UPDATE NO ACTION;

--
-- Filtros para la tabla `telefonos`
--
ALTER TABLE `telefonos`
  ADD CONSTRAINT `fk_telefonos_usuarios1` FOREIGN KEY (`usuarios_id`) REFERENCES `usuarios` (`id`) ON DELETE NO ACTION ON UPDATE NO ACTION;

--
-- Filtros para la tabla `usuarios_auths`
--
ALTER TABLE `usuarios_auths`
  ADD CONSTRAINT `fk_usuarios_auths_usuarios_grupos1` FOREIGN KEY (`usuarios_grupo_id`) REFERENCES `usuarios_grupos` (`usuarios_grupo_id`) ON DELETE NO ACTION ON UPDATE NO ACTION,
  ADD CONSTRAINT `fk_usuarios_auths_usuarios_permisos1` FOREIGN KEY (`usuarios_permiso_id`) REFERENCES `usuarios_permisos` (`usuarios_permiso_id`) ON DELETE NO ACTION ON UPDATE NO ACTION;

--
-- Filtros para la tabla `usuarios_grupos_links`
--
ALTER TABLE `usuarios_grupos_links`
  ADD CONSTRAINT `fk_usuarios_grupos_links_usuarios1` FOREIGN KEY (`usuario_id`) REFERENCES `usuarios` (`id`) ON DELETE NO ACTION ON UPDATE NO ACTION,
  ADD CONSTRAINT `fk_usuarios_grupos_links_usuarios_grupos1` FOREIGN KEY (`usuarios_grupo_id`) REFERENCES `usuarios_grupos` (`usuarios_grupo_id`) ON DELETE NO ACTION ON UPDATE NO ACTION;

/*!40101 SET CHARACTER_SET_CLIENT=@OLD_CHARACTER_SET_CLIENT */;
/*!40101 SET CHARACTER_SET_RESULTS=@OLD_CHARACTER_SET_RESULTS */;
/*!40101 SET COLLATION_CONNECTION=@OLD_COLLATION_CONNECTION */;
